SET FOREIGN_KEY_CHECKS =0;
-- address
INSERT INTO realtimeapp.addresses (id, pais_id, departamento_id, provincia_id, distrito_id, tipo_via, direccion1, direccion2, numero, int_ext, referencia, titulo_direccion, created_at, updated_at, deleted_at) VALUES (1, 1, 1, 1, 1, 'JR', 'jr. huarmey', null, '1410', 'null', 'a la ewspalda del parque del niño', 'direccion de casa', '2020-06-23 06:38:44', '2020-06-23 06:38:44', null);
-- balance
INSERT INTO realtimeapp.balances (id, user_id, banco_id, monto, tipo, descripcion, boucher, motivo, cuenta, transaccion_banco, abono_at, created_at, updated_at, deleted_at) VALUES (1, 1, 1, '1000000', 'deposito de garantia', 'texto de prueba', 'balances\\June2020\\VDy0VHNQh1lbl9uPICGX.jpg', 'cbfcxbdfbvdfbv', 'fdsfsdfsaf', 'fsfsdfsaf', '2020-06-04 19:15:00', '2020-06-23 00:17:04', '2020-06-23 00:17:04', null);
-- bancos
INSERT INTO realtimeapp.banks (id, nombre, siglas, created_at, updated_at, deleted_at) VALUES (1, 'Banco de Credito del Perú', 'BCP', '2020-06-22 21:27:09', '2020-06-22 21:27:09', null);
-- marcas
INSERT INTO realtimeapp.brands (id, nombre, slug, created_at, updated_at, deleted_at) VALUES (1, 'Toyota', null, '2020-06-23 06:34:37', '2020-06-23 06:34:37', null);
-- compañias
INSERT INTO realtimeapp.companies (id, persona_juridica_id, direccion_id, nombre, razon_social, ruc, telefono, email, informacion, imagen, created_at, updated_at, deleted_at) VALUES (1, 1, 1, 'PAC', 'Pedro Aguirre Consultores SAC', '20604045747', '960717583', 'asesor.pedro@gmail.com', '<p>sfdsgfsdgfdfsdf<strong>sdfsdfsdfsddsfsd</strong></p>', 'companies\\June2020\\0PER7AyHXRE6UDqdqYhX.jpg', '2020-06-23 06:51:03', '2020-06-23 06:51:03', null);
INSERT INTO realtimeapp.companies (id, persona_juridica_id, direccion_id, nombre, razon_social, ruc, telefono, email, informacion, imagen, created_at, updated_at, deleted_at) VALUES (2, 1, 1, 'Gambito Corp', 'GambitoCorp SAC', '20604045747', '960717583', 'asesor.pedro@gmail.com', '<p>sfdsgfsdgfdfsdf<strong>sdfsdfsdfsddsfsd</strong></p>', 'companies\\June2020\\0PER7AyHXRE6UDqdqYhX.jpg', '2020-06-23 06:51:03', '2020-06-23 06:51:03', null);
INSERT INTO realtimeapp.companies (id, persona_juridica_id, direccion_id, nombre, razon_social, ruc, telefono, email, informacion, imagen, created_at, updated_at, deleted_at) VALUES (3, 1, 1, 'Saga Falabella', 'Almacenes Peruanos SAC', '20604045747', '960717583', 'asesor.pedro@gmail.com', '<p>sfdsgfsdgfdfsdf<strong>sdfsdfsdfsddsfsd</strong></p>', 'companies\\June2020\\0PER7AyHXRE6UDqdqYhX.jpg', '2020-06-23 06:51:03', '2020-06-23 06:51:03', null);
-- paises
INSERT INTO realtimeapp.countries (id, nombre, codigo, created_at, updated_at, deleted_at) VALUES (1, 'Perú', 'PE', '2020-06-22 21:30:31', '2020-06-22 21:30:31', null);
INSERT INTO realtimeapp.countries (id, nombre, codigo, created_at, updated_at, deleted_at) VALUES (2, 'España', 'ES', '2020-06-23 03:35:47', '2020-06-23 03:35:47', null);
-- data_rows
INSERT INTO realtimeapp.data_rows (id, data_type_id, field, type, display_name, required, browse, `read`, edit, `add`, `delete`, details, `order`) VALUES (1, 1, 'id', 'number', 'ID', 1, 0, 0, 0, 0, 0, null, 1);
INSERT INTO realtimeapp.data_rows (id, data_type_id, field, type, display_name, required, browse, `read`, edit, `add`, `delete`, details, `order`) VALUES (2, 1, 'name', 'text', 'Name', 1, 1, 1, 1, 1, 1, null, 2);
INSERT INTO realtimeapp.data_rows (id, data_type_id, field, type, display_name, required, browse, `read`, edit, `add`, `delete`, details, `order`) VALUES (3, 1, 'email', 'text', 'Email', 1, 1, 1, 1, 1, 1, null, 3);
INSERT INTO realtimeapp.data_rows (id, data_type_id, field, type, display_name, required, browse, `read`, edit, `add`, `delete`, details, `order`) VALUES (4, 1, 'password', 'password', 'Password', 1, 0, 0, 1, 1, 0, null, 4);
INSERT INTO realtimeapp.data_rows (id, data_type_id, field, type, display_name, required, browse, `read`, edit, `add`, `delete`, details, `order`) VALUES (5, 1, 'remember_token', 'text', 'Remember Token', 0, 0, 0, 0, 0, 0, null, 5);
INSERT INTO realtimeapp.data_rows (id, data_type_id, field, type, display_name, required, browse, `read`, edit, `add`, `delete`, details, `order`) VALUES (6, 1, 'created_at', 'timestamp', 'Created At', 0, 1, 1, 0, 0, 0, null, 6);
INSERT INTO realtimeapp.data_rows (id, data_type_id, field, type, display_name, required, browse, `read`, edit, `add`, `delete`, details, `order`) VALUES (7, 1, 'updated_at', 'timestamp', 'Updated At', 0, 0, 0, 0, 0, 0, null, 7);
INSERT INTO realtimeapp.data_rows (id, data_type_id, field, type, display_name, required, browse, `read`, edit, `add`, `delete`, details, `order`) VALUES (8, 1, 'avatar', 'image', 'Avatar', 0, 1, 1, 1, 1, 1, null, 8);
INSERT INTO realtimeapp.data_rows (id, data_type_id, field, type, display_name, required, browse, `read`, edit, `add`, `delete`, details, `order`) VALUES (9, 1, 'user_belongsto_role_relationship', 'relationship', 'Role', 0, 1, 1, 1, 1, 0, '{"model":"TCG\\\\Voyager\\\\Models\\\\Role","table":"roles","type":"belongsTo","column":"role_id","key":"id","label":"display_name","pivot_table":"roles","pivot":0}', 10);
INSERT INTO realtimeapp.data_rows (id, data_type_id, field, type, display_name, required, browse, `read`, edit, `add`, `delete`, details, `order`) VALUES (10, 1, 'user_belongstomany_role_relationship', 'relationship', 'Roles', 0, 1, 1, 1, 1, 0, '{"model":"TCG\\\\Voyager\\\\Models\\\\Role","table":"roles","type":"belongsToMany","column":"id","key":"id","label":"display_name","pivot_table":"user_roles","pivot":"1","taggable":"0"}', 11);
INSERT INTO realtimeapp.data_rows (id, data_type_id, field, type, display_name, required, browse, `read`, edit, `add`, `delete`, details, `order`) VALUES (11, 1, 'settings', 'hidden', 'Settings', 0, 0, 0, 0, 0, 0, null, 12);
INSERT INTO realtimeapp.data_rows (id, data_type_id, field, type, display_name, required, browse, `read`, edit, `add`, `delete`, details, `order`) VALUES (12, 2, 'id', 'number', 'ID', 1, 0, 0, 0, 0, 0, null, 1);
INSERT INTO realtimeapp.data_rows (id, data_type_id, field, type, display_name, required, browse, `read`, edit, `add`, `delete`, details, `order`) VALUES (13, 2, 'name', 'text', 'Name', 1, 1, 1, 1, 1, 1, null, 2);
INSERT INTO realtimeapp.data_rows (id, data_type_id, field, type, display_name, required, browse, `read`, edit, `add`, `delete`, details, `order`) VALUES (14, 2, 'created_at', 'timestamp', 'Created At', 0, 0, 0, 0, 0, 0, null, 3);
INSERT INTO realtimeapp.data_rows (id, data_type_id, field, type, display_name, required, browse, `read`, edit, `add`, `delete`, details, `order`) VALUES (15, 2, 'updated_at', 'timestamp', 'Updated At', 0, 0, 0, 0, 0, 0, null, 4);
INSERT INTO realtimeapp.data_rows (id, data_type_id, field, type, display_name, required, browse, `read`, edit, `add`, `delete`, details, `order`) VALUES (16, 3, 'id', 'number', 'ID', 1, 0, 0, 0, 0, 0, null, 1);
INSERT INTO realtimeapp.data_rows (id, data_type_id, field, type, display_name, required, browse, `read`, edit, `add`, `delete`, details, `order`) VALUES (17, 3, 'name', 'text', 'Name', 1, 1, 1, 1, 1, 1, null, 2);
INSERT INTO realtimeapp.data_rows (id, data_type_id, field, type, display_name, required, browse, `read`, edit, `add`, `delete`, details, `order`) VALUES (18, 3, 'created_at', 'timestamp', 'Created At', 0, 0, 0, 0, 0, 0, null, 3);
INSERT INTO realtimeapp.data_rows (id, data_type_id, field, type, display_name, required, browse, `read`, edit, `add`, `delete`, details, `order`) VALUES (19, 3, 'updated_at', 'timestamp', 'Updated At', 0, 0, 0, 0, 0, 0, null, 4);
INSERT INTO realtimeapp.data_rows (id, data_type_id, field, type, display_name, required, browse, `read`, edit, `add`, `delete`, details, `order`) VALUES (20, 3, 'display_name', 'text', 'Display Name', 1, 1, 1, 1, 1, 1, null, 5);
INSERT INTO realtimeapp.data_rows (id, data_type_id, field, type, display_name, required, browse, `read`, edit, `add`, `delete`, details, `order`) VALUES (21, 1, 'role_id', 'text', 'Role', 1, 1, 1, 1, 1, 1, null, 9);
INSERT INTO realtimeapp.data_rows (id, data_type_id, field, type, display_name, required, browse, `read`, edit, `add`, `delete`, details, `order`) VALUES (22, 4, 'id', 'text', 'Id', 1, 0, 0, 0, 0, 0, '{}', 1);
INSERT INTO realtimeapp.data_rows (id, data_type_id, field, type, display_name, required, browse, `read`, edit, `add`, `delete`, details, `order`) VALUES (23, 4, 'user_id', 'text', 'Usuario*', 1, 1, 1, 1, 1, 1, '{"validation":{"rule":"required"}}', 2);
INSERT INTO realtimeapp.data_rows (id, data_type_id, field, type, display_name, required, browse, `read`, edit, `add`, `delete`, details, `order`) VALUES (24, 4, 'monto', 'text', 'Monto*', 0, 1, 1, 1, 1, 1, '{"validation":{"rule":"required|string"}}', 6);
INSERT INTO realtimeapp.data_rows (id, data_type_id, field, type, display_name, required, browse, `read`, edit, `add`, `delete`, details, `order`) VALUES (25, 4, 'tipo', 'text', 'Tipo', 0, 1, 1, 1, 1, 1, '{"validation":{"rule":"required|string"}}', 7);
INSERT INTO realtimeapp.data_rows (id, data_type_id, field, type, display_name, required, browse, `read`, edit, `add`, `delete`, details, `order`) VALUES (26, 4, 'descripcion', 'text_area', 'Descripcion', 0, 1, 1, 1, 1, 1, '{}', 8);
INSERT INTO realtimeapp.data_rows (id, data_type_id, field, type, display_name, required, browse, `read`, edit, `add`, `delete`, details, `order`) VALUES (27, 4, 'abono_at', 'timestamp', 'Cuando se deposito', 0, 1, 1, 1, 1, 1, '{"format":"%d-%m-%Y | %H:%mm"}', 13);
INSERT INTO realtimeapp.data_rows (id, data_type_id, field, type, display_name, required, browse, `read`, edit, `add`, `delete`, details, `order`) VALUES (28, 4, 'boucher', 'image', 'Boucher', 0, 1, 1, 1, 1, 1, '{"validation":{"rule":"required|image"}}', 9);
INSERT INTO realtimeapp.data_rows (id, data_type_id, field, type, display_name, required, browse, `read`, edit, `add`, `delete`, details, `order`) VALUES (29, 4, 'motivo', 'text_area', 'Motivo', 0, 1, 1, 1, 1, 1, '{}', 10);
INSERT INTO realtimeapp.data_rows (id, data_type_id, field, type, display_name, required, browse, `read`, edit, `add`, `delete`, details, `order`) VALUES (30, 4, 'banco_id', 'text', 'Banco*', 1, 1, 1, 1, 1, 1, '{"validation":{"rule":"required"}}', 4);
INSERT INTO realtimeapp.data_rows (id, data_type_id, field, type, display_name, required, browse, `read`, edit, `add`, `delete`, details, `order`) VALUES (31, 4, 'cuenta', 'text', 'Cuenta', 0, 1, 1, 1, 1, 1, '{}', 11);
INSERT INTO realtimeapp.data_rows (id, data_type_id, field, type, display_name, required, browse, `read`, edit, `add`, `delete`, details, `order`) VALUES (32, 4, 'transaccion_banco', 'text', 'Transaccion Banco', 0, 1, 1, 1, 1, 1, '{}', 12);
INSERT INTO realtimeapp.data_rows (id, data_type_id, field, type, display_name, required, browse, `read`, edit, `add`, `delete`, details, `order`) VALUES (33, 4, 'created_at', 'timestamp', 'Created At', 0, 1, 1, 0, 0, 0, '{"format":"%d-%m-%Y"}', 14);
INSERT INTO realtimeapp.data_rows (id, data_type_id, field, type, display_name, required, browse, `read`, edit, `add`, `delete`, details, `order`) VALUES (34, 4, 'updated_at', 'timestamp', 'Updated At', 0, 0, 1, 0, 0, 0, '{"format":"%d-%m-%Y"}', 15);
INSERT INTO realtimeapp.data_rows (id, data_type_id, field, type, display_name, required, browse, `read`, edit, `add`, `delete`, details, `order`) VALUES (35, 4, 'deleted_at', 'timestamp', 'Deleted At', 0, 0, 1, 0, 0, 0, '{"format":"%d-%m-%Y"}', 16);
INSERT INTO realtimeapp.data_rows (id, data_type_id, field, type, display_name, required, browse, `read`, edit, `add`, `delete`, details, `order`) VALUES (36, 5, 'id', 'text', 'Id', 1, 0, 0, 0, 0, 0, '{}', 1);
INSERT INTO realtimeapp.data_rows (id, data_type_id, field, type, display_name, required, browse, `read`, edit, `add`, `delete`, details, `order`) VALUES (37, 5, 'nombre', 'text', 'Nombre', 0, 1, 1, 1, 1, 1, '{}', 2);
INSERT INTO realtimeapp.data_rows (id, data_type_id, field, type, display_name, required, browse, `read`, edit, `add`, `delete`, details, `order`) VALUES (38, 5, 'codigo', 'text', 'Codigo', 0, 1, 1, 1, 1, 1, '{}', 3);
INSERT INTO realtimeapp.data_rows (id, data_type_id, field, type, display_name, required, browse, `read`, edit, `add`, `delete`, details, `order`) VALUES (39, 5, 'created_at', 'timestamp', 'Creado en', 0, 1, 1, 0, 0, 0, '{}', 4);
INSERT INTO realtimeapp.data_rows (id, data_type_id, field, type, display_name, required, browse, `read`, edit, `add`, `delete`, details, `order`) VALUES (40, 5, 'updated_at', 'timestamp', 'Actualizado En', 0, 0, 1, 0, 0, 0, '{}', 5);
INSERT INTO realtimeapp.data_rows (id, data_type_id, field, type, display_name, required, browse, `read`, edit, `add`, `delete`, details, `order`) VALUES (41, 5, 'deleted_at', 'timestamp', 'Borrado En', 0, 0, 1, 0, 0, 0, '{}', 6);
INSERT INTO realtimeapp.data_rows (id, data_type_id, field, type, display_name, required, browse, `read`, edit, `add`, `delete`, details, `order`) VALUES (42, 6, 'id', 'text', 'Id', 1, 0, 0, 0, 0, 0, '{}', 1);
INSERT INTO realtimeapp.data_rows (id, data_type_id, field, type, display_name, required, browse, `read`, edit, `add`, `delete`, details, `order`) VALUES (43, 6, 'pais_id', 'select_dropdown', 'Pais*', 1, 1, 1, 1, 1, 1, '{"validation":{"rule":"required"}}', 2);
INSERT INTO realtimeapp.data_rows (id, data_type_id, field, type, display_name, required, browse, `read`, edit, `add`, `delete`, details, `order`) VALUES (44, 6, 'departamento_id', 'select_dropdown', 'Departamento*', 1, 1, 1, 1, 1, 1, '{"validation":{"rule":"required"},"scope":"Pais","relationship":{"key":"id","label":"pais_id"}}', 4);
INSERT INTO realtimeapp.data_rows (id, data_type_id, field, type, display_name, required, browse, `read`, edit, `add`, `delete`, details, `order`) VALUES (45, 6, 'provincia_id', 'select_dropdown', 'Provincia*', 1, 1, 1, 1, 1, 1, '{"validation":{"rule":"required"},"scope":"Departamento"}', 6);
INSERT INTO realtimeapp.data_rows (id, data_type_id, field, type, display_name, required, browse, `read`, edit, `add`, `delete`, details, `order`) VALUES (46, 6, 'distrito_id', 'select_dropdown', 'Distrito*', 1, 1, 1, 1, 1, 1, '{"validation":{"rule":"required"}}', 8);
INSERT INTO realtimeapp.data_rows (id, data_type_id, field, type, display_name, required, browse, `read`, edit, `add`, `delete`, details, `order`) VALUES (47, 6, 'tipo_via', 'select_dropdown', 'Tipo Via*', 0, 1, 1, 1, 1, 1, '{"validation":{"rule":"required"},"default":"AV","options":{"AL":"Alameda","AV":"Avenida","BA":"Bajada","CR":"Carretera","CLL":"Callej\\u00f3n","CA":"Calle","GA":"Galeria","JR":"Jir\\u00f3n","ML":"Malec\\u00f3n","OV":"\\u00d3valo","PJE":"Pasaje","PL":"Plaza","PQ":"Parque","PR":"Prolongaci\\u00f3n","PAS":"Paseo","PZ":"Plazuela","CM":"Camino","CU":"Cuesta","SE":"Sendero","PU":"Puente","BO":"Boulevard"}}', 10);
INSERT INTO realtimeapp.data_rows (id, data_type_id, field, type, display_name, required, browse, `read`, edit, `add`, `delete`, details, `order`) VALUES (48, 6, 'direccion1', 'text', 'Direccion*', 0, 1, 1, 1, 1, 1, '{"validation":{"rule":"required|string"}}', 11);
INSERT INTO realtimeapp.data_rows (id, data_type_id, field, type, display_name, required, browse, `read`, edit, `add`, `delete`, details, `order`) VALUES (49, 6, 'direccion2', 'text', 'segunda linea', 0, 1, 1, 1, 1, 1, '{}', 12);
INSERT INTO realtimeapp.data_rows (id, data_type_id, field, type, display_name, required, browse, `read`, edit, `add`, `delete`, details, `order`) VALUES (50, 6, 'numero', 'text', 'Numero*', 0, 1, 1, 1, 1, 1, '{"validation":{"rule":"required"}}', 13);
INSERT INTO realtimeapp.data_rows (id, data_type_id, field, type, display_name, required, browse, `read`, edit, `add`, `delete`, details, `order`) VALUES (51, 6, 'int_ext', 'select_dropdown', 'Int Ext', 0, 1, 1, 1, 1, 1, '{"default":"Ninguno","options":{"Int":"Interior","Ext":"Exterior","null":"Ninguno"}}', 14);
INSERT INTO realtimeapp.data_rows (id, data_type_id, field, type, display_name, required, browse, `read`, edit, `add`, `delete`, details, `order`) VALUES (52, 6, 'referencia', 'text_area', 'Referencia', 0, 1, 1, 1, 1, 1, '{}', 15);
INSERT INTO realtimeapp.data_rows (id, data_type_id, field, type, display_name, required, browse, `read`, edit, `add`, `delete`, details, `order`) VALUES (53, 6, 'titulo_direccion', 'text', 'Titulo Direccion*', 0, 1, 1, 1, 1, 1, '{"validation":{"rule":"required|string"}}', 16);
INSERT INTO realtimeapp.data_rows (id, data_type_id, field, type, display_name, required, browse, `read`, edit, `add`, `delete`, details, `order`) VALUES (54, 6, 'created_at', 'timestamp', 'Creada', 0, 1, 1, 0, 0, 0, '{"format":"%d-%m-%Y"}', 17);
INSERT INTO realtimeapp.data_rows (id, data_type_id, field, type, display_name, required, browse, `read`, edit, `add`, `delete`, details, `order`) VALUES (55, 6, 'updated_at', 'timestamp', 'Actualizada', 0, 0, 1, 0, 0, 0, '{"format":"%d-%m-%Y"}', 18);
INSERT INTO realtimeapp.data_rows (id, data_type_id, field, type, display_name, required, browse, `read`, edit, `add`, `delete`, details, `order`) VALUES (56, 6, 'deleted_at', 'timestamp', 'Eliminada', 0, 0, 1, 0, 0, 0, '{"format":"%d-%m-%Y"}', 19);
INSERT INTO realtimeapp.data_rows (id, data_type_id, field, type, display_name, required, browse, `read`, edit, `add`, `delete`, details, `order`) VALUES (57, 7, 'id', 'text', 'Id', 1, 0, 0, 0, 0, 0, '{}', 1);
INSERT INTO realtimeapp.data_rows (id, data_type_id, field, type, display_name, required, browse, `read`, edit, `add`, `delete`, details, `order`) VALUES (59, 7, 'ganador_id', 'select_dropdown', 'Ganador', 0, 1, 1, 1, 1, 1, '{"validation":{"rule":"required"}}', 4);
INSERT INTO realtimeapp.data_rows (id, data_type_id, field, type, display_name, required, browse, `read`, edit, `add`, `delete`, details, `order`) VALUES (60, 7, 'segundo_id', 'select_dropdown', 'Segundo', 0, 1, 1, 1, 1, 1, '{"validation":{"rule":"required"}}', 6);
INSERT INTO realtimeapp.data_rows (id, data_type_id, field, type, display_name, required, browse, `read`, edit, `add`, `delete`, details, `order`) VALUES (61, 7, 'tercero_id', 'select_dropdown', 'Tercero', 0, 1, 1, 1, 1, 1, '{"validation":{"rule":"required"}}', 8);
INSERT INTO realtimeapp.data_rows (id, data_type_id, field, type, display_name, required, browse, `read`, edit, `add`, `delete`, details, `order`) VALUES (62, 7, 'cuarto_id', 'select_dropdown', 'Cuarto', 0, 1, 1, 1, 1, 1, '{"validation":{"rule":"required"}}', 10);
INSERT INTO realtimeapp.data_rows (id, data_type_id, field, type, display_name, required, browse, `read`, edit, `add`, `delete`, details, `order`) VALUES (63, 7, 'created_at', 'timestamp', 'Creado en', 0, 1, 1, 0, 0, 0, '{"format":"%d-%m-%Y"}', 12);
INSERT INTO realtimeapp.data_rows (id, data_type_id, field, type, display_name, required, browse, `read`, edit, `add`, `delete`, details, `order`) VALUES (64, 7, 'updated_at', 'timestamp', 'Actualizado En', 0, 0, 1, 0, 0, 0, '{"format":"%d-%m-%Y"}', 13);
INSERT INTO realtimeapp.data_rows (id, data_type_id, field, type, display_name, required, browse, `read`, edit, `add`, `delete`, details, `order`) VALUES (65, 7, 'deleted_at', 'timestamp', 'Borrado En', 0, 0, 1, 0, 0, 0, '{"format":"%d-%m-%Y"}', 14);
INSERT INTO realtimeapp.data_rows (id, data_type_id, field, type, display_name, required, browse, `read`, edit, `add`, `delete`, details, `order`) VALUES (66, 8, 'id', 'text', 'Id', 1, 0, 0, 0, 0, 0, '{}', 1);
INSERT INTO realtimeapp.data_rows (id, data_type_id, field, type, display_name, required, browse, `read`, edit, `add`, `delete`, details, `order`) VALUES (67, 8, 'user_id', 'text', 'Usuario', 1, 1, 1, 0, 0, 0, '{}', 2);
INSERT INTO realtimeapp.data_rows (id, data_type_id, field, type, display_name, required, browse, `read`, edit, `add`, `delete`, details, `order`) VALUES (68, 8, 'ip', 'text', 'Ip', 0, 1, 1, 0, 0, 0, '{}', 4);
INSERT INTO realtimeapp.data_rows (id, data_type_id, field, type, display_name, required, browse, `read`, edit, `add`, `delete`, details, `order`) VALUES (69, 8, 'tipo_dispositivo', 'text', 'Dispositivo', 0, 1, 1, 0, 0, 0, '{}', 5);
INSERT INTO realtimeapp.data_rows (id, data_type_id, field, type, display_name, required, browse, `read`, edit, `add`, `delete`, details, `order`) VALUES (70, 8, 'tipo_so', 'text', 'Sistema Operativo', 0, 1, 1, 0, 0, 0, '{}', 6);
INSERT INTO realtimeapp.data_rows (id, data_type_id, field, type, display_name, required, browse, `read`, edit, `add`, `delete`, details, `order`) VALUES (71, 8, 'navegador', 'text', 'Navegador', 0, 1, 1, 0, 0, 0, '{}', 7);
INSERT INTO realtimeapp.data_rows (id, data_type_id, field, type, display_name, required, browse, `read`, edit, `add`, `delete`, details, `order`) VALUES (72, 8, 'version', 'text', 'Version', 0, 1, 1, 0, 0, 0, '{}', 8);
INSERT INTO realtimeapp.data_rows (id, data_type_id, field, type, display_name, required, browse, `read`, edit, `add`, `delete`, details, `order`) VALUES (73, 8, 'created_at', 'timestamp', 'Cuando inicio', 0, 1, 1, 0, 0, 0, '{}', 9);
INSERT INTO realtimeapp.data_rows (id, data_type_id, field, type, display_name, required, browse, `read`, edit, `add`, `delete`, details, `order`) VALUES (74, 8, 'updated_at', 'timestamp', 'Updated At', 0, 0, 0, 0, 0, 0, '{}', 10);
INSERT INTO realtimeapp.data_rows (id, data_type_id, field, type, display_name, required, browse, `read`, edit, `add`, `delete`, details, `order`) VALUES (75, 8, 'deleted_at', 'timestamp', 'Deleted At', 0, 0, 0, 0, 0, 0, '{}', 11);
INSERT INTO realtimeapp.data_rows (id, data_type_id, field, type, display_name, required, browse, `read`, edit, `add`, `delete`, details, `order`) VALUES (76, 9, 'id', 'text', 'Id', 1, 0, 0, 0, 0, 0, '{}', 1);
INSERT INTO realtimeapp.data_rows (id, data_type_id, field, type, display_name, required, browse, `read`, edit, `add`, `delete`, details, `order`) VALUES (77, 9, 'nombre', 'text', 'Nombre', 0, 1, 1, 1, 1, 1, '{"validation":{"rule":"required|string"}}', 2);
INSERT INTO realtimeapp.data_rows (id, data_type_id, field, type, display_name, required, browse, `read`, edit, `add`, `delete`, details, `order`) VALUES (78, 9, 'siglas', 'text', 'Siglas', 0, 1, 1, 1, 1, 1, '{}', 3);
INSERT INTO realtimeapp.data_rows (id, data_type_id, field, type, display_name, required, browse, `read`, edit, `add`, `delete`, details, `order`) VALUES (79, 9, 'created_at', 'timestamp', 'Created At', 0, 1, 1, 0, 0, 0, '{"format":"%d-%m-%Y"}', 4);
INSERT INTO realtimeapp.data_rows (id, data_type_id, field, type, display_name, required, browse, `read`, edit, `add`, `delete`, details, `order`) VALUES (80, 9, 'updated_at', 'timestamp', 'Updated At', 0, 0, 1, 0, 0, 0, '{"format":"%d-%m-%Y"}', 5);
INSERT INTO realtimeapp.data_rows (id, data_type_id, field, type, display_name, required, browse, `read`, edit, `add`, `delete`, details, `order`) VALUES (81, 9, 'deleted_at', 'timestamp', 'Deleted At', 0, 0, 1, 0, 0, 0, '{"format":"%d-%m-%Y"}', 6);
INSERT INTO realtimeapp.data_rows (id, data_type_id, field, type, display_name, required, browse, `read`, edit, `add`, `delete`, details, `order`) VALUES (82, 10, 'id', 'text', 'Id', 1, 0, 0, 0, 0, 0, '{}', 1);
INSERT INTO realtimeapp.data_rows (id, data_type_id, field, type, display_name, required, browse, `read`, edit, `add`, `delete`, details, `order`) VALUES (83, 10, 'nombre', 'text', 'Nombre', 0, 1, 1, 1, 1, 1, '{"validation":{"rule":"required|string"}}', 2);
INSERT INTO realtimeapp.data_rows (id, data_type_id, field, type, display_name, required, browse, `read`, edit, `add`, `delete`, details, `order`) VALUES (84, 10, 'slug', 'hidden', 'Slug', 0, 0, 0, 0, 0, 0, '{"slugify":{"origin":"title","forceUpdate":true}}', 3);
INSERT INTO realtimeapp.data_rows (id, data_type_id, field, type, display_name, required, browse, `read`, edit, `add`, `delete`, details, `order`) VALUES (85, 10, 'created_at', 'timestamp', 'Creado', 0, 1, 1, 0, 0, 0, '{"format":"%d-%m-%Y"}', 4);
INSERT INTO realtimeapp.data_rows (id, data_type_id, field, type, display_name, required, browse, `read`, edit, `add`, `delete`, details, `order`) VALUES (86, 10, 'updated_at', 'timestamp', 'Actualizado', 0, 0, 1, 0, 0, 0, '{"format":"%d-%m-%Y"}', 5);
INSERT INTO realtimeapp.data_rows (id, data_type_id, field, type, display_name, required, browse, `read`, edit, `add`, `delete`, details, `order`) VALUES (87, 10, 'deleted_at', 'timestamp', 'Borrado', 0, 0, 1, 0, 0, 0, '{"format":"%d-%m-%Y"}', 6);
INSERT INTO realtimeapp.data_rows (id, data_type_id, field, type, display_name, required, browse, `read`, edit, `add`, `delete`, details, `order`) VALUES (88, 11, 'id', 'text', 'Id', 1, 0, 0, 0, 0, 0, '{}', 1);
INSERT INTO realtimeapp.data_rows (id, data_type_id, field, type, display_name, required, browse, `read`, edit, `add`, `delete`, details, `order`) VALUES (89, 11, 'persona_juridica_id', 'select_dropdown', 'Persona Juridica*', 1, 1, 1, 1, 1, 1, '{"validation":{"rule":"required"}}', 2);
INSERT INTO realtimeapp.data_rows (id, data_type_id, field, type, display_name, required, browse, `read`, edit, `add`, `delete`, details, `order`) VALUES (90, 11, 'direccion_id', 'select_dropdown', 'Direccion Fiscal*', 1, 1, 1, 1, 1, 1, '{"validation":{"rule":"required"}}', 4);
INSERT INTO realtimeapp.data_rows (id, data_type_id, field, type, display_name, required, browse, `read`, edit, `add`, `delete`, details, `order`) VALUES (91, 11, 'nombre', 'text', 'Nombre*', 0, 1, 1, 1, 1, 1, '{"validation":{"rule":"required|string"}}', 6);
INSERT INTO realtimeapp.data_rows (id, data_type_id, field, type, display_name, required, browse, `read`, edit, `add`, `delete`, details, `order`) VALUES (92, 11, 'razon_social', 'text', 'Razon Social*', 0, 1, 1, 1, 1, 1, '{"validation":{"rule":"required|string"}}', 7);
INSERT INTO realtimeapp.data_rows (id, data_type_id, field, type, display_name, required, browse, `read`, edit, `add`, `delete`, details, `order`) VALUES (93, 11, 'ruc', 'text', 'Ruc*', 0, 1, 1, 1, 1, 1, '{"validation":{"rule":"required|string"}}', 8);
INSERT INTO realtimeapp.data_rows (id, data_type_id, field, type, display_name, required, browse, `read`, edit, `add`, `delete`, details, `order`) VALUES (94, 11, 'telefono', 'text', 'Telefono*', 0, 1, 1, 1, 1, 1, '{"validation":{"rule":"required|string"}}', 9);
INSERT INTO realtimeapp.data_rows (id, data_type_id, field, type, display_name, required, browse, `read`, edit, `add`, `delete`, details, `order`) VALUES (95, 11, 'email', 'text', 'Email*', 0, 1, 1, 1, 1, 1, '{"validation":{"rule":"required|string"}}', 10);
INSERT INTO realtimeapp.data_rows (id, data_type_id, field, type, display_name, required, browse, `read`, edit, `add`, `delete`, details, `order`) VALUES (96, 11, 'informacion', 'rich_text_box', 'Informacion', 0, 1, 1, 1, 1, 1, '{}', 11);
INSERT INTO realtimeapp.data_rows (id, data_type_id, field, type, display_name, required, browse, `read`, edit, `add`, `delete`, details, `order`) VALUES (97, 11, 'imagen', 'image', 'Imagen', 0, 1, 1, 1, 1, 1, '{}', 12);
INSERT INTO realtimeapp.data_rows (id, data_type_id, field, type, display_name, required, browse, `read`, edit, `add`, `delete`, details, `order`) VALUES (98, 11, 'created_at', 'timestamp', 'Creado', 0, 1, 1, 0, 0, 0, '{"format":"%d-%m-%Y"}', 13);
INSERT INTO realtimeapp.data_rows (id, data_type_id, field, type, display_name, required, browse, `read`, edit, `add`, `delete`, details, `order`) VALUES (99, 11, 'updated_at', 'timestamp', 'Actualizado', 0, 0, 1, 0, 0, 0, '{"format":"%d-%m-%Y"}', 14);
INSERT INTO realtimeapp.data_rows (id, data_type_id, field, type, display_name, required, browse, `read`, edit, `add`, `delete`, details, `order`) VALUES (100, 11, 'deleted_at', 'timestamp', 'Borrado', 0, 0, 1, 0, 0, 0, '{"format":"%d-%m-%Y"}', 15);
INSERT INTO realtimeapp.data_rows (id, data_type_id, field, type, display_name, required, browse, `read`, edit, `add`, `delete`, details, `order`) VALUES (101, 12, 'id', 'text', 'Id', 1, 0, 0, 0, 0, 0, '{}', 1);
INSERT INTO realtimeapp.data_rows (id, data_type_id, field, type, display_name, required, browse, `read`, edit, `add`, `delete`, details, `order`) VALUES (102, 12, 'pais_id', 'select_dropdown', 'Pais*', 1, 1, 1, 1, 1, 1, '{"validation":{"rule":"required"}}', 2);
INSERT INTO realtimeapp.data_rows (id, data_type_id, field, type, display_name, required, browse, `read`, edit, `add`, `delete`, details, `order`) VALUES (103, 12, 'nombre', 'text', 'Nombre*', 0, 1, 1, 1, 1, 1, '{"validation":{"rule":"required|string"}}', 4);
INSERT INTO realtimeapp.data_rows (id, data_type_id, field, type, display_name, required, browse, `read`, edit, `add`, `delete`, details, `order`) VALUES (104, 12, 'codigo', 'text', 'Codigo', 0, 1, 1, 1, 1, 1, '{}', 5);
INSERT INTO realtimeapp.data_rows (id, data_type_id, field, type, display_name, required, browse, `read`, edit, `add`, `delete`, details, `order`) VALUES (105, 12, 'created_at', 'timestamp', 'Creado en', 0, 1, 1, 0, 0, 0, '{"format":"%d-%m-%Y"}', 6);
INSERT INTO realtimeapp.data_rows (id, data_type_id, field, type, display_name, required, browse, `read`, edit, `add`, `delete`, details, `order`) VALUES (106, 12, 'updated_at', 'timestamp', 'Actualizado En', 0, 0, 1, 0, 0, 0, '{"format":"%d-%m-%Y"}', 7);
INSERT INTO realtimeapp.data_rows (id, data_type_id, field, type, display_name, required, browse, `read`, edit, `add`, `delete`, details, `order`) VALUES (107, 12, 'deleted_at', 'timestamp', 'Borrado En', 0, 0, 1, 0, 0, 0, '{"format":"%d-%m-%Y"}', 8);
INSERT INTO realtimeapp.data_rows (id, data_type_id, field, type, display_name, required, browse, `read`, edit, `add`, `delete`, details, `order`) VALUES (108, 13, 'id', 'text', 'Id', 1, 0, 0, 0, 0, 0, '{}', 1);
INSERT INTO realtimeapp.data_rows (id, data_type_id, field, type, display_name, required, browse, `read`, edit, `add`, `delete`, details, `order`) VALUES (109, 13, 'pais_id', 'select_dropdown', 'Pais*', 1, 1, 1, 1, 1, 1, '{"validation":{"rule":"required"}}', 2);
INSERT INTO realtimeapp.data_rows (id, data_type_id, field, type, display_name, required, browse, `read`, edit, `add`, `delete`, details, `order`) VALUES (110, 13, 'departamento_id', 'select_dropdown', 'Departamento*', 1, 1, 1, 1, 1, 1, '{"validation":{"rule":"required"}}', 4);
INSERT INTO realtimeapp.data_rows (id, data_type_id, field, type, display_name, required, browse, `read`, edit, `add`, `delete`, details, `order`) VALUES (111, 13, 'provincia_id', 'select_dropdown', 'Provincia*', 1, 1, 1, 1, 1, 1, '{"validation":{"rule":"required"}}', 6);
INSERT INTO realtimeapp.data_rows (id, data_type_id, field, type, display_name, required, browse, `read`, edit, `add`, `delete`, details, `order`) VALUES (112, 13, 'nombre', 'text', 'Nombre *', 0, 1, 1, 1, 1, 1, '{"validation":{"rule":"required|string"}}', 8);
INSERT INTO realtimeapp.data_rows (id, data_type_id, field, type, display_name, required, browse, `read`, edit, `add`, `delete`, details, `order`) VALUES (113, 13, 'codigo', 'text', 'Codigo', 0, 1, 1, 1, 1, 1, '{}', 9);
INSERT INTO realtimeapp.data_rows (id, data_type_id, field, type, display_name, required, browse, `read`, edit, `add`, `delete`, details, `order`) VALUES (114, 13, 'created_at', 'timestamp', 'Creado en', 0, 1, 1, 0, 0, 0, '{"format":"%d-%m-%Y"}', 10);
INSERT INTO realtimeapp.data_rows (id, data_type_id, field, type, display_name, required, browse, `read`, edit, `add`, `delete`, details, `order`) VALUES (115, 13, 'updated_at', 'timestamp', 'Actualizado En', 0, 0, 1, 0, 0, 0, '{"format":"%d-%m-%Y"}', 11);
INSERT INTO realtimeapp.data_rows (id, data_type_id, field, type, display_name, required, browse, `read`, edit, `add`, `delete`, details, `order`) VALUES (116, 13, 'deleted_at', 'timestamp', 'Borrado En', 0, 0, 1, 0, 0, 0, '{"format":"%d-%m-%Y"}', 12);
INSERT INTO realtimeapp.data_rows (id, data_type_id, field, type, display_name, required, browse, `read`, edit, `add`, `delete`, details, `order`) VALUES (117, 14, 'id', 'text', 'Id', 1, 0, 0, 0, 0, 0, '{}', 1);
INSERT INTO realtimeapp.data_rows (id, data_type_id, field, type, display_name, required, browse, `read`, edit, `add`, `delete`, details, `order`) VALUES (118, 14, 'nombre', 'text', 'Nombre *', 0, 1, 1, 1, 1, 1, '{}', 2);
INSERT INTO realtimeapp.data_rows (id, data_type_id, field, type, display_name, required, browse, `read`, edit, `add`, `delete`, details, `order`) VALUES (119, 14, 'codigo', 'text', 'Codigo', 0, 1, 1, 1, 1, 1, '{}', 3);
INSERT INTO realtimeapp.data_rows (id, data_type_id, field, type, display_name, required, browse, `read`, edit, `add`, `delete`, details, `order`) VALUES (120, 14, 'longitud', 'text', 'Longitud', 0, 1, 1, 1, 1, 1, '{}', 4);
INSERT INTO realtimeapp.data_rows (id, data_type_id, field, type, display_name, required, browse, `read`, edit, `add`, `delete`, details, `order`) VALUES (121, 14, 'ingreso', 'text', 'Ingreso', 0, 1, 1, 1, 1, 1, '{}', 5);
INSERT INTO realtimeapp.data_rows (id, data_type_id, field, type, display_name, required, browse, `read`, edit, `add`, `delete`, details, `order`) VALUES (122, 14, 'tipo_contribuyente', 'text', 'Tipo Contribuyente', 0, 1, 1, 1, 1, 1, '{}', 6);
INSERT INTO realtimeapp.data_rows (id, data_type_id, field, type, display_name, required, browse, `read`, edit, `add`, `delete`, details, `order`) VALUES (123, 14, 'tipo_longitud', 'text', 'Tipo Longitud', 0, 1, 1, 1, 1, 1, '{}', 7);
INSERT INTO realtimeapp.data_rows (id, data_type_id, field, type, display_name, required, browse, `read`, edit, `add`, `delete`, details, `order`) VALUES (124, 14, 'created_at', 'timestamp', 'Creado en', 0, 1, 1, 0, 0, 0, '{"format":"%d-%m-%Y"}', 8);
INSERT INTO realtimeapp.data_rows (id, data_type_id, field, type, display_name, required, browse, `read`, edit, `add`, `delete`, details, `order`) VALUES (125, 14, 'updated_at', 'timestamp', 'Actualizado En', 0, 0, 1, 0, 0, 0, '{"format":"%d-%m-%Y"}', 9);
INSERT INTO realtimeapp.data_rows (id, data_type_id, field, type, display_name, required, browse, `read`, edit, `add`, `delete`, details, `order`) VALUES (126, 14, 'deleted_at', 'timestamp', 'Borrado En', 0, 0, 1, 0, 0, 0, '{"format":"%d-%m-%Y"}', 10);
INSERT INTO realtimeapp.data_rows (id, data_type_id, field, type, display_name, required, browse, `read`, edit, `add`, `delete`, details, `order`) VALUES (127, 15, 'id', 'text', 'Id', 1, 0, 0, 0, 0, 0, '{}', 1);
INSERT INTO realtimeapp.data_rows (id, data_type_id, field, type, display_name, required, browse, `read`, edit, `add`, `delete`, details, `order`) VALUES (128, 15, 'user_id', 'select_dropdown', 'Usuario Creador', 1, 1, 1, 1, 1, 1, '{}', 2);
INSERT INTO realtimeapp.data_rows (id, data_type_id, field, type, display_name, required, browse, `read`, edit, `add`, `delete`, details, `order`) VALUES (129, 15, 'vehiculo_id', 'select_dropdown', 'Producto', 1, 1, 1, 1, 1, 1, '{}', 4);
INSERT INTO realtimeapp.data_rows (id, data_type_id, field, type, display_name, required, browse, `read`, edit, `add`, `delete`, details, `order`) VALUES (130, 15, 'imagen', 'image', 'Imagen', 0, 1, 1, 1, 1, 1, '{}', 6);
INSERT INTO realtimeapp.data_rows (id, data_type_id, field, type, display_name, required, browse, `read`, edit, `add`, `delete`, details, `order`) VALUES (131, 15, 'titulo', 'text', 'Titulo', 0, 1, 1, 1, 1, 1, '{}', 7);
INSERT INTO realtimeapp.data_rows (id, data_type_id, field, type, display_name, required, browse, `read`, edit, `add`, `delete`, details, `order`) VALUES (132, 15, 'descripcion', 'text', 'Descripcion', 0, 1, 1, 1, 1, 1, '{}', 8);
INSERT INTO realtimeapp.data_rows (id, data_type_id, field, type, display_name, required, browse, `read`, edit, `add`, `delete`, details, `order`) VALUES (133, 15, 'created_at', 'timestamp', 'Creado en', 0, 1, 1, 0, 0, 0, '{}', 9);
INSERT INTO realtimeapp.data_rows (id, data_type_id, field, type, display_name, required, browse, `read`, edit, `add`, `delete`, details, `order`) VALUES (134, 15, 'updated_at', 'timestamp', 'Actualizado En', 0, 0, 1, 0, 0, 0, '{}', 10);
INSERT INTO realtimeapp.data_rows (id, data_type_id, field, type, display_name, required, browse, `read`, edit, `add`, `delete`, details, `order`) VALUES (135, 15, 'deleted_at', 'timestamp', 'Borrado En', 0, 0, 1, 0, 0, 0, '{}', 11);
INSERT INTO realtimeapp.data_rows (id, data_type_id, field, type, display_name, required, browse, `read`, edit, `add`, `delete`, details, `order`) VALUES (136, 17, 'id', 'text', 'Id', 1, 0, 0, 0, 0, 0, '{}', 1);
INSERT INTO realtimeapp.data_rows (id, data_type_id, field, type, display_name, required, browse, `read`, edit, `add`, `delete`, details, `order`) VALUES (137, 17, 'user_id', 'select_dropdown', 'Usuario Creador *', 1, 1, 1, 1, 1, 1, '{"validation":{"rule":"required"}}', 2);
INSERT INTO realtimeapp.data_rows (id, data_type_id, field, type, display_name, required, browse, `read`, edit, `add`, `delete`, details, `order`) VALUES (138, 17, 'empresa_id', 'select_dropdown', 'Empresa Propietaria', 1, 1, 1, 1, 1, 1, '{"validation":{"rule":"required"}}', 4);
INSERT INTO realtimeapp.data_rows (id, data_type_id, field, type, display_name, required, browse, `read`, edit, `add`, `delete`, details, `order`) VALUES (139, 17, 'nombre', 'text', 'Nombre *', 0, 1, 1, 1, 1, 1, '{"validation":{"rule":"required|string"}}', 6);
INSERT INTO realtimeapp.data_rows (id, data_type_id, field, type, display_name, required, browse, `read`, edit, `add`, `delete`, details, `order`) VALUES (140, 17, 'descripcion', 'rich_text_box', 'Descripcion', 0, 1, 1, 1, 1, 1, '{}', 7);
INSERT INTO realtimeapp.data_rows (id, data_type_id, field, type, display_name, required, browse, `read`, edit, `add`, `delete`, details, `order`) VALUES (141, 17, 'slug', 'hidden', 'Slug', 0, 0, 0, 0, 0, 0, '{"slugify":{"origin":"title","forceUpdate":true}}', 8);
INSERT INTO realtimeapp.data_rows (id, data_type_id, field, type, display_name, required, browse, `read`, edit, `add`, `delete`, details, `order`) VALUES (142, 17, 'subasta_at', 'timestamp', 'Inicio', 0, 1, 1, 1, 1, 1, '{"format":"%d-%m-%Y \\/ %h:%m"}', 9);
INSERT INTO realtimeapp.data_rows (id, data_type_id, field, type, display_name, required, browse, `read`, edit, `add`, `delete`, details, `order`) VALUES (143, 17, 'created_at', 'timestamp', 'Creado En', 0, 1, 1, 0, 0, 0, '{"format":"%d-%m-%Y"}', 10);
INSERT INTO realtimeapp.data_rows (id, data_type_id, field, type, display_name, required, browse, `read`, edit, `add`, `delete`, details, `order`) VALUES (144, 17, 'updated_at', 'timestamp', 'Actualizado En', 0, 0, 1, 0, 0, 0, '{"format":"%d-%m-%Y"}', 11);
INSERT INTO realtimeapp.data_rows (id, data_type_id, field, type, display_name, required, browse, `read`, edit, `add`, `delete`, details, `order`) VALUES (145, 17, 'deleted_at', 'timestamp', 'Borrado En', 0, 0, 1, 0, 0, 0, '{"format":"%d-%m-%Y"}', 12);
INSERT INTO realtimeapp.data_rows (id, data_type_id, field, type, display_name, required, browse, `read`, edit, `add`, `delete`, details, `order`) VALUES (146, 18, 'id', 'text', 'Id', 1, 0, 0, 0, 0, 0, '{}', 1);
INSERT INTO realtimeapp.data_rows (id, data_type_id, field, type, display_name, required, browse, `read`, edit, `add`, `delete`, details, `order`) VALUES (147, 18, 'subasta_id', 'select_dropdown', 'Subasta Asociada', 1, 1, 1, 1, 1, 1, '{"validation":{"rule":"required"}}', 2);
INSERT INTO realtimeapp.data_rows (id, data_type_id, field, type, display_name, required, browse, `read`, edit, `add`, `delete`, details, `order`) VALUES (148, 18, 'user_id', 'select_dropdown', 'Usuario', 1, 1, 1, 1, 1, 1, '{"validation":{"rule":"required"}}', 4);
INSERT INTO realtimeapp.data_rows (id, data_type_id, field, type, display_name, required, browse, `read`, edit, `add`, `delete`, details, `order`) VALUES (149, 18, 'message', 'text', 'Mensaje y Puja', 0, 1, 1, 1, 1, 1, '{"validation":{"rule":"required|string"}}', 6);
INSERT INTO realtimeapp.data_rows (id, data_type_id, field, type, display_name, required, browse, `read`, edit, `add`, `delete`, details, `order`) VALUES (150, 18, 'created_at', 'timestamp', 'Creado en', 0, 1, 1, 0, 0, 0, '{"format":"%d-%m-%Y"}', 7);
INSERT INTO realtimeapp.data_rows (id, data_type_id, field, type, display_name, required, browse, `read`, edit, `add`, `delete`, details, `order`) VALUES (151, 18, 'updated_at', 'timestamp', 'Actualizado En', 0, 0, 1, 0, 0, 0, '{"format":"%d-%m-%Y"}', 8);
INSERT INTO realtimeapp.data_rows (id, data_type_id, field, type, display_name, required, browse, `read`, edit, `add`, `delete`, details, `order`) VALUES (152, 18, 'deleted_at', 'timestamp', 'Borrado En', 0, 0, 1, 0, 0, 0, '{"format":"%d-%m-%Y"}', 9);
INSERT INTO realtimeapp.data_rows (id, data_type_id, field, type, display_name, required, browse, `read`, edit, `add`, `delete`, details, `order`) VALUES (153, 19, 'id', 'text', 'Id', 1, 0, 0, 0, 0, 0, '{}', 1);
INSERT INTO realtimeapp.data_rows (id, data_type_id, field, type, display_name, required, browse, `read`, edit, `add`, `delete`, details, `order`) VALUES (154, 19, 'user_id', 'select_dropdown', 'Usuario Creador *', 1, 1, 1, 1, 1, 1, '{"validation":{"rule":"required"}}', 2);
INSERT INTO realtimeapp.data_rows (id, data_type_id, field, type, display_name, required, browse, `read`, edit, `add`, `delete`, details, `order`) VALUES (155, 19, 'lote_id', 'select_dropdown', 'Producto', 1, 1, 1, 1, 1, 1, '{"validation":{"rule":"required"}}', 4);
INSERT INTO realtimeapp.data_rows (id, data_type_id, field, type, display_name, required, browse, `read`, edit, `add`, `delete`, details, `order`) VALUES (156, 19, 'marca_id', 'select_dropdown', 'Marca*', 1, 1, 1, 1, 1, 1, '{"validation":{"rule":"required"}}', 6);
INSERT INTO realtimeapp.data_rows (id, data_type_id, field, type, display_name, required, browse, `read`, edit, `add`, `delete`, details, `order`) VALUES (157, 19, 'modelo_id', 'select_dropdown', 'Modelo*', 1, 1, 1, 1, 1, 1, '{"validation":{"rule":"required "}}', 8);
INSERT INTO realtimeapp.data_rows (id, data_type_id, field, type, display_name, required, browse, `read`, edit, `add`, `delete`, details, `order`) VALUES (158, 19, 'year', 'text', 'Año de fabricacion*', 0, 1, 1, 1, 1, 1, '{"validation":{"rule":"required"}}', 10);
INSERT INTO realtimeapp.data_rows (id, data_type_id, field, type, display_name, required, browse, `read`, edit, `add`, `delete`, details, `order`) VALUES (159, 19, 'nombre', 'text', 'Nombre vehiculo*', 0, 1, 1, 1, 1, 1, '{"validation":{"rule":"required|string"}}', 11);
INSERT INTO realtimeapp.data_rows (id, data_type_id, field, type, display_name, required, browse, `read`, edit, `add`, `delete`, details, `order`) VALUES (160, 19, 'precio_base', 'text', 'Precio Base*', 0, 1, 1, 1, 1, 1, '{"validation":{"rule":"required|string"}}', 12);
INSERT INTO realtimeapp.data_rows (id, data_type_id, field, type, display_name, required, browse, `read`, edit, `add`, `delete`, details, `order`) VALUES (161, 19, 'precio_reserva', 'text', 'Precio Reserva*', 0, 1, 1, 1, 1, 1, '{"validation":{"rule":"required|string"}}', 13);
INSERT INTO realtimeapp.data_rows (id, data_type_id, field, type, display_name, required, browse, `read`, edit, `add`, `delete`, details, `order`) VALUES (162, 19, 'garantia', 'text', 'Garantia*', 0, 1, 1, 1, 1, 1, '{"validation":{"rule":"required|string"}}', 14);
INSERT INTO realtimeapp.data_rows (id, data_type_id, field, type, display_name, required, browse, `read`, edit, `add`, `delete`, details, `order`) VALUES (163, 19, 'comision', 'text', 'Comision*', 0, 1, 1, 1, 1, 1, '{"validation":{"rule":"required|string"}}', 15);
INSERT INTO realtimeapp.data_rows (id, data_type_id, field, type, display_name, required, browse, `read`, edit, `add`, `delete`, details, `order`) VALUES (164, 19, 'placa', 'text', 'Placa*', 0, 1, 1, 1, 1, 1, '{"validation":{"rule":"required|string"}}', 16);
INSERT INTO realtimeapp.data_rows (id, data_type_id, field, type, display_name, required, browse, `read`, edit, `add`, `delete`, details, `order`) VALUES (165, 19, 'color', 'text', 'Color', 0, 1, 1, 1, 1, 1, '{}', 17);
INSERT INTO realtimeapp.data_rows (id, data_type_id, field, type, display_name, required, browse, `read`, edit, `add`, `delete`, details, `order`) VALUES (166, 19, 'version', 'text', 'Version', 0, 1, 1, 1, 1, 1, '{}', 18);
INSERT INTO realtimeapp.data_rows (id, data_type_id, field, type, display_name, required, browse, `read`, edit, `add`, `delete`, details, `order`) VALUES (167, 19, 'timon', 'text', 'Timon', 0, 1, 1, 1, 1, 1, '{}', 19);
INSERT INTO realtimeapp.data_rows (id, data_type_id, field, type, display_name, required, browse, `read`, edit, `add`, `delete`, details, `order`) VALUES (168, 19, 'asientos', 'text', 'Asientos', 0, 1, 1, 1, 1, 1, '{}', 20);
INSERT INTO realtimeapp.data_rows (id, data_type_id, field, type, display_name, required, browse, `read`, edit, `add`, `delete`, details, `order`) VALUES (169, 19, 'estado_vehiculo', 'text', 'Estado Vehiculo', 0, 1, 1, 1, 1, 1, '{}', 21);
INSERT INTO realtimeapp.data_rows (id, data_type_id, field, type, display_name, required, browse, `read`, edit, `add`, `delete`, details, `order`) VALUES (170, 19, 'ficha_tecnica', 'text', 'Ficha Tecnica', 0, 1, 1, 1, 1, 1, '{}', 22);
INSERT INTO realtimeapp.data_rows (id, data_type_id, field, type, display_name, required, browse, `read`, edit, `add`, `delete`, details, `order`) VALUES (171, 19, 'informacion', 'text', 'Informacion', 0, 1, 1, 1, 1, 1, '{}', 23);
INSERT INTO realtimeapp.data_rows (id, data_type_id, field, type, display_name, required, browse, `read`, edit, `add`, `delete`, details, `order`) VALUES (172, 19, 'direccion', 'text', 'Direccion', 0, 1, 1, 1, 1, 1, '{}', 24);
INSERT INTO realtimeapp.data_rows (id, data_type_id, field, type, display_name, required, browse, `read`, edit, `add`, `delete`, details, `order`) VALUES (173, 19, 'video', 'text', 'Video', 0, 1, 1, 1, 1, 1, '{}', 25);
INSERT INTO realtimeapp.data_rows (id, data_type_id, field, type, display_name, required, browse, `read`, edit, `add`, `delete`, details, `order`) VALUES (174, 19, 'video_url', 'text', 'Video Url', 0, 1, 1, 1, 1, 1, '{}', 26);
INSERT INTO realtimeapp.data_rows (id, data_type_id, field, type, display_name, required, browse, `read`, edit, `add`, `delete`, details, `order`) VALUES (175, 19, 'valor_interno_activo', 'text', 'Valor Interno Activo', 0, 1, 1, 1, 1, 1, '{}', 27);
INSERT INTO realtimeapp.data_rows (id, data_type_id, field, type, display_name, required, browse, `read`, edit, `add`, `delete`, details, `order`) VALUES (176, 19, 'saneado', 'text', 'Saneado', 0, 1, 1, 1, 1, 1, '{}', 28);
INSERT INTO realtimeapp.data_rows (id, data_type_id, field, type, display_name, required, browse, `read`, edit, `add`, `delete`, details, `order`) VALUES (177, 19, 'captura', 'text', 'Captura', 0, 1, 1, 1, 1, 1, '{}', 29);
INSERT INTO realtimeapp.data_rows (id, data_type_id, field, type, display_name, required, browse, `read`, edit, `add`, `delete`, details, `order`) VALUES (178, 19, 'seguro', 'text', 'Seguro', 0, 1, 1, 1, 1, 1, '{}', 30);
INSERT INTO realtimeapp.data_rows (id, data_type_id, field, type, display_name, required, browse, `read`, edit, `add`, `delete`, details, `order`) VALUES (179, 19, 'soat', 'text', 'Soat', 0, 1, 1, 1, 1, 1, '{}', 31);
INSERT INTO realtimeapp.data_rows (id, data_type_id, field, type, display_name, required, browse, `read`, edit, `add`, `delete`, details, `order`) VALUES (180, 19, 'rtv', 'text', 'Rtv', 0, 1, 1, 1, 1, 1, '{}', 32);
INSERT INTO realtimeapp.data_rows (id, data_type_id, field, type, display_name, required, browse, `read`, edit, `add`, `delete`, details, `order`) VALUES (181, 19, 'terminos', 'text', 'Terminos', 0, 1, 1, 1, 1, 1, '{}', 33);
INSERT INTO realtimeapp.data_rows (id, data_type_id, field, type, display_name, required, browse, `read`, edit, `add`, `delete`, details, `order`) VALUES (182, 19, 'started_at', 'timestamp', 'Inicia Subasta*', 0, 1, 1, 1, 1, 1, '{"format":"%d-%m-%Y | %H:%mm"}', 34);
INSERT INTO realtimeapp.data_rows (id, data_type_id, field, type, display_name, required, browse, `read`, edit, `add`, `delete`, details, `order`) VALUES (183, 19, 'finalized_at', 'timestamp', 'Termina Subasta', 0, 1, 1, 1, 1, 1, '{"format":"%d-%m-%Y | %H:%mm"}', 35);
INSERT INTO realtimeapp.data_rows (id, data_type_id, field, type, display_name, required, browse, `read`, edit, `add`, `delete`, details, `order`) VALUES (184, 19, 'created_at', 'timestamp', 'Creado en', 0, 1, 1, 0, 0, 0, '{"format":"%d-%m-%Y"}', 36);
INSERT INTO realtimeapp.data_rows (id, data_type_id, field, type, display_name, required, browse, `read`, edit, `add`, `delete`, details, `order`) VALUES (185, 19, 'updated_at', 'timestamp', 'Actualizado En', 0, 0, 1, 0, 0, 0, '{"format":"%d-%m-%Y"}', 37);
INSERT INTO realtimeapp.data_rows (id, data_type_id, field, type, display_name, required, browse, `read`, edit, `add`, `delete`, details, `order`) VALUES (186, 19, 'deleted_at', 'timestamp', 'Borrado En', 0, 0, 1, 0, 0, 0, '{"format":"%d-%m-%Y"}', 38);
INSERT INTO realtimeapp.data_rows (id, data_type_id, field, type, display_name, required, browse, `read`, edit, `add`, `delete`, details, `order`) VALUES (187, 22, 'id', 'text', 'Id', 1, 0, 0, 0, 0, 0, '{}', 1);
INSERT INTO realtimeapp.data_rows (id, data_type_id, field, type, display_name, required, browse, `read`, edit, `add`, `delete`, details, `order`) VALUES (188, 22, 'marca_id', 'select_dropdown', 'Marca', 1, 1, 1, 1, 1, 1, '{"validation":{"rule":"required"}}', 2);
INSERT INTO realtimeapp.data_rows (id, data_type_id, field, type, display_name, required, browse, `read`, edit, `add`, `delete`, details, `order`) VALUES (189, 22, 'nombre', 'text', 'Nombre', 0, 1, 1, 1, 1, 1, '{"validation":{"rule":"required|string"}}', 4);
INSERT INTO realtimeapp.data_rows (id, data_type_id, field, type, display_name, required, browse, `read`, edit, `add`, `delete`, details, `order`) VALUES (190, 22, 'slug', 'hidden', 'Slug', 0, 1, 1, 1, 1, 1, '{"slugify":{"origin":"title","forceUpdate":true}}', 5);
INSERT INTO realtimeapp.data_rows (id, data_type_id, field, type, display_name, required, browse, `read`, edit, `add`, `delete`, details, `order`) VALUES (191, 22, 'created_at', 'timestamp', 'Created At', 0, 1, 1, 0, 0, 0, '{"format":"%d-%m-%Y"}', 6);
INSERT INTO realtimeapp.data_rows (id, data_type_id, field, type, display_name, required, browse, `read`, edit, `add`, `delete`, details, `order`) VALUES (192, 22, 'updated_at', 'timestamp', 'Updated At', 0, 0, 1, 0, 0, 0, '{"format":"%d-%m-%Y"}', 7);
INSERT INTO realtimeapp.data_rows (id, data_type_id, field, type, display_name, required, browse, `read`, edit, `add`, `delete`, details, `order`) VALUES (193, 22, 'deleted_at', 'timestamp', 'Deleted At', 0, 0, 1, 0, 0, 0, '{"format":"%d-%m-%Y"}', 8);
INSERT INTO realtimeapp.data_rows (id, data_type_id, field, type, display_name, required, browse, `read`, edit, `add`, `delete`, details, `order`) VALUES (194, 23, 'id', 'text', 'Id', 1, 0, 0, 0, 0, 0, '{}', 1);
INSERT INTO realtimeapp.data_rows (id, data_type_id, field, type, display_name, required, browse, `read`, edit, `add`, `delete`, details, `order`) VALUES (195, 23, 'user_id', 'select_dropdown', 'Usuario*', 1, 1, 1, 1, 1, 1, '{"validation":{"rule":"required"}}', 2);
INSERT INTO realtimeapp.data_rows (id, data_type_id, field, type, display_name, required, browse, `read`, edit, `add`, `delete`, details, `order`) VALUES (196, 23, 'documento_id', 'select_dropdown', 'Documento*', 1, 1, 1, 1, 1, 1, '{"validation":{"rule":"required"}}', 3);
INSERT INTO realtimeapp.data_rows (id, data_type_id, field, type, display_name, required, browse, `read`, edit, `add`, `delete`, details, `order`) VALUES (197, 23, 'direccion_id', 'select_dropdown', 'Direccion*', 1, 1, 1, 1, 1, 1, '{"validation":{"rule":"required"}}', 4);
INSERT INTO realtimeapp.data_rows (id, data_type_id, field, type, display_name, required, browse, `read`, edit, `add`, `delete`, details, `order`) VALUES (198, 23, 'banco_id', 'select_dropdown', 'Banco*', 1, 1, 1, 1, 1, 1, '{"validation":{"rule":"required"}}', 5);
INSERT INTO realtimeapp.data_rows (id, data_type_id, field, type, display_name, required, browse, `read`, edit, `add`, `delete`, details, `order`) VALUES (199, 23, 'nombres', 'text', 'Nombres*', 0, 1, 1, 1, 1, 1, '{"validation":{"rule":"required|string"}}', 7);
INSERT INTO realtimeapp.data_rows (id, data_type_id, field, type, display_name, required, browse, `read`, edit, `add`, `delete`, details, `order`) VALUES (200, 23, 'apellidos', 'text', 'Apellidos*', 0, 1, 1, 1, 1, 1, '{"validation":{"rule":"required|string"}}', 8);
INSERT INTO realtimeapp.data_rows (id, data_type_id, field, type, display_name, required, browse, `read`, edit, `add`, `delete`, details, `order`) VALUES (201, 23, 'numero_documento', 'text', 'Numero Documento*', 0, 1, 1, 1, 1, 1, '{"validation":{"rule":"required|string"}}', 10);
INSERT INTO realtimeapp.data_rows (id, data_type_id, field, type, display_name, required, browse, `read`, edit, `add`, `delete`, details, `order`) VALUES (202, 23, 'digito_documento', 'text', 'Digito Documento*', 0, 1, 1, 1, 1, 1, '{"validation":{"rule":"required|string"}}', 11);
INSERT INTO realtimeapp.data_rows (id, data_type_id, field, type, display_name, required, browse, `read`, edit, `add`, `delete`, details, `order`) VALUES (203, 23, 'genero', 'radio_btn', 'Genero', 0, 1, 1, 1, 1, 1, '{"default":"Hombre","options":{"Hombre":"Hmbre","Mujer":"Mujer"}}', 13);
INSERT INTO realtimeapp.data_rows (id, data_type_id, field, type, display_name, required, browse, `read`, edit, `add`, `delete`, details, `order`) VALUES (204, 23, 'estado_civil', 'select_dropdown', 'Estado Civil', 0, 1, 1, 1, 1, 1, '{"default":"","options":{"soltero":"soltero","casado":"casado"}}', 14);
INSERT INTO realtimeapp.data_rows (id, data_type_id, field, type, display_name, required, browse, `read`, edit, `add`, `delete`, details, `order`) VALUES (205, 23, 'cuenta_banco', 'text', 'Cuenta Banco', 0, 1, 1, 1, 1, 1, '{}', 16);
INSERT INTO realtimeapp.data_rows (id, data_type_id, field, type, display_name, required, browse, `read`, edit, `add`, `delete`, details, `order`) VALUES (206, 23, 'b_day', 'date', 'Fecha de Cumpleaños', 0, 1, 1, 1, 1, 1, '{}', 17);
INSERT INTO realtimeapp.data_rows (id, data_type_id, field, type, display_name, required, browse, `read`, edit, `add`, `delete`, details, `order`) VALUES (207, 23, 'telefono', 'text', 'Telefono*', 0, 1, 1, 1, 1, 1, '{}', 18);
INSERT INTO realtimeapp.data_rows (id, data_type_id, field, type, display_name, required, browse, `read`, edit, `add`, `delete`, details, `order`) VALUES (208, 23, 'email', 'text', 'Email*', 0, 1, 1, 1, 1, 1, '{}', 19);
INSERT INTO realtimeapp.data_rows (id, data_type_id, field, type, display_name, required, browse, `read`, edit, `add`, `delete`, details, `order`) VALUES (209, 23, 'dni_front', 'image', 'Dni frontal', 0, 1, 1, 1, 1, 1, '{"validation":{"rule":"required|image"}}', 20);
INSERT INTO realtimeapp.data_rows (id, data_type_id, field, type, display_name, required, browse, `read`, edit, `add`, `delete`, details, `order`) VALUES (210, 23, 'dni_back', 'image', 'Dni Atras', 0, 1, 1, 1, 1, 1, '{"validation":{"rule":"required|image"}}', 21);
INSERT INTO realtimeapp.data_rows (id, data_type_id, field, type, display_name, required, browse, `read`, edit, `add`, `delete`, details, `order`) VALUES (211, 23, 'created_at', 'timestamp', 'Creado en', 0, 1, 1, 0, 0, 0, '{"format":"%d-%m-%Y"}', 22);
INSERT INTO realtimeapp.data_rows (id, data_type_id, field, type, display_name, required, browse, `read`, edit, `add`, `delete`, details, `order`) VALUES (212, 23, 'updated_at', 'timestamp', 'Actualizado En', 0, 0, 1, 0, 0, 0, '{"format":"%d-%m-%Y"}', 23);
INSERT INTO realtimeapp.data_rows (id, data_type_id, field, type, display_name, required, browse, `read`, edit, `add`, `delete`, details, `order`) VALUES (213, 23, 'deleted_at', 'timestamp', 'Borrado En', 0, 0, 1, 0, 0, 0, '{"format":"%d-%m-%Y"}', 24);
INSERT INTO realtimeapp.data_rows (id, data_type_id, field, type, display_name, required, browse, `read`, edit, `add`, `delete`, details, `order`) VALUES (214, 24, 'id', 'text', 'Id', 1, 0, 0, 0, 0, 0, '{}', 1);
INSERT INTO realtimeapp.data_rows (id, data_type_id, field, type, display_name, required, browse, `read`, edit, `add`, `delete`, details, `order`) VALUES (215, 24, 'pais_id', 'select_dropdown', 'Pais', 1, 1, 1, 1, 1, 1, '{"validation":{"rule":"required"}}', 2);
INSERT INTO realtimeapp.data_rows (id, data_type_id, field, type, display_name, required, browse, `read`, edit, `add`, `delete`, details, `order`) VALUES (216, 24, 'departamento_id', 'select_dropdown', 'Departamento', 1, 1, 1, 1, 1, 1, '{"validation":{"rule":"required"}}', 4);
INSERT INTO realtimeapp.data_rows (id, data_type_id, field, type, display_name, required, browse, `read`, edit, `add`, `delete`, details, `order`) VALUES (217, 24, 'nombre', 'text', 'Nombre', 0, 1, 1, 1, 1, 1, '{"validation":{"rule":"required|string"}}', 6);
INSERT INTO realtimeapp.data_rows (id, data_type_id, field, type, display_name, required, browse, `read`, edit, `add`, `delete`, details, `order`) VALUES (218, 24, 'codigo', 'text', 'Codigo', 0, 1, 1, 1, 1, 1, '{"validation":{"rule":"required|string"}}', 7);
INSERT INTO realtimeapp.data_rows (id, data_type_id, field, type, display_name, required, browse, `read`, edit, `add`, `delete`, details, `order`) VALUES (219, 24, 'created_at', 'timestamp', 'Creado en', 0, 1, 1, 0, 0, 0, '{"format":"%d-%m-%Y"}', 8);
INSERT INTO realtimeapp.data_rows (id, data_type_id, field, type, display_name, required, browse, `read`, edit, `add`, `delete`, details, `order`) VALUES (220, 24, 'updated_at', 'timestamp', 'Actualizado En', 0, 0, 1, 0, 0, 0, '{"format":"%d-%m-%Y"}', 9);
INSERT INTO realtimeapp.data_rows (id, data_type_id, field, type, display_name, required, browse, `read`, edit, `add`, `delete`, details, `order`) VALUES (221, 24, 'deleted_at', 'timestamp', 'Borrado En', 0, 0, 1, 0, 0, 0, '{"format":"%d-%m-%Y"}', 10);
INSERT INTO realtimeapp.data_rows (id, data_type_id, field, type, display_name, required, browse, `read`, edit, `add`, `delete`, details, `order`) VALUES (222, 25, 'id', 'text', 'Id', 1, 0, 0, 0, 0, 0, '{}', 1);
INSERT INTO realtimeapp.data_rows (id, data_type_id, field, type, display_name, required, browse, `read`, edit, `add`, `delete`, details, `order`) VALUES (223, 25, 'company_id', 'select_dropdown', 'Compañia', 1, 1, 1, 1, 1, 1, '{"validation":{"rule":"required"}}', 2);
INSERT INTO realtimeapp.data_rows (id, data_type_id, field, type, display_name, required, browse, `read`, edit, `add`, `delete`, details, `order`) VALUES (224, 25, 'direccion_id', 'select_dropdown', 'Direccion', 1, 1, 1, 1, 1, 1, '{"validation":{"rule":"required"}}', 4);
INSERT INTO realtimeapp.data_rows (id, data_type_id, field, type, display_name, required, browse, `read`, edit, `add`, `delete`, details, `order`) VALUES (225, 25, 'turnos_visita', 'text_area', 'Turnos Visita', 0, 1, 1, 1, 1, 1, '{}', 6);
INSERT INTO realtimeapp.data_rows (id, data_type_id, field, type, display_name, required, browse, `read`, edit, `add`, `delete`, details, `order`) VALUES (226, 25, 'telefono', 'text', 'Telefono', 0, 1, 1, 1, 1, 1, '{}', 7);
INSERT INTO realtimeapp.data_rows (id, data_type_id, field, type, display_name, required, browse, `read`, edit, `add`, `delete`, details, `order`) VALUES (227, 25, 'informacion', 'rich_text_box', 'Informacion', 0, 1, 1, 1, 1, 1, '{}', 8);
INSERT INTO realtimeapp.data_rows (id, data_type_id, field, type, display_name, required, browse, `read`, edit, `add`, `delete`, details, `order`) VALUES (228, 25, 'max_personas', 'text', 'Max Personas', 0, 1, 1, 1, 1, 1, '{}', 9);
INSERT INTO realtimeapp.data_rows (id, data_type_id, field, type, display_name, required, browse, `read`, edit, `add`, `delete`, details, `order`) VALUES (229, 25, 'created_at', 'timestamp', 'Creado en', 0, 1, 1, 0, 0, 0, '{"format":"%d-%m-%Y"}', 10);
INSERT INTO realtimeapp.data_rows (id, data_type_id, field, type, display_name, required, browse, `read`, edit, `add`, `delete`, details, `order`) VALUES (230, 25, 'updated_at', 'timestamp', 'Actualizado En', 0, 0, 1, 0, 0, 0, '{"format":"%d-%m-%Y"}', 11);
INSERT INTO realtimeapp.data_rows (id, data_type_id, field, type, display_name, required, browse, `read`, edit, `add`, `delete`, details, `order`) VALUES (231, 25, 'deleted_at', 'timestamp', 'Borrado En', 0, 0, 1, 0, 0, 0, '{"format":"%d-%m-%Y"}', 12);
INSERT INTO realtimeapp.data_rows (id, data_type_id, field, type, display_name, required, browse, `read`, edit, `add`, `delete`, details, `order`) VALUES (232, 26, 'id', 'text', 'Id', 1, 0, 0, 0, 0, 0, '{}', 1);
INSERT INTO realtimeapp.data_rows (id, data_type_id, field, type, display_name, required, browse, `read`, edit, `add`, `delete`, details, `order`) VALUES (233, 26, 'vehiculo_id', 'select_dropdown', 'Vehiculo', 1, 1, 1, 1, 1, 1, '{"validation":{"rule":"required"}}', 2);
INSERT INTO realtimeapp.data_rows (id, data_type_id, field, type, display_name, required, browse, `read`, edit, `add`, `delete`, details, `order`) VALUES (234, 26, 'combustible', 'text', 'Combustible', 0, 1, 1, 1, 1, 1, '{}', 4);
INSERT INTO realtimeapp.data_rows (id, data_type_id, field, type, display_name, required, browse, `read`, edit, `add`, `delete`, details, `order`) VALUES (235, 26, 'traccion', 'text', 'Traccion', 0, 1, 1, 1, 1, 1, '{}', 5);
INSERT INTO realtimeapp.data_rows (id, data_type_id, field, type, display_name, required, browse, `read`, edit, `add`, `delete`, details, `order`) VALUES (236, 26, 'torque', 'text', 'Torque', 0, 1, 1, 1, 1, 1, '{}', 6);
INSERT INTO realtimeapp.data_rows (id, data_type_id, field, type, display_name, required, browse, `read`, edit, `add`, `delete`, details, `order`) VALUES (237, 26, 'potencia', 'text', 'Potencia', 0, 1, 1, 1, 1, 1, '{}', 7);
INSERT INTO realtimeapp.data_rows (id, data_type_id, field, type, display_name, required, browse, `read`, edit, `add`, `delete`, details, `order`) VALUES (238, 26, 'cilindrada', 'text', 'Cilindrada', 0, 1, 1, 1, 1, 1, '{}', 8);
INSERT INTO realtimeapp.data_rows (id, data_type_id, field, type, display_name, required, browse, `read`, edit, `add`, `delete`, details, `order`) VALUES (239, 26, 'velocidades', 'text', 'Velocidades', 0, 1, 1, 1, 1, 1, '{}', 9);
INSERT INTO realtimeapp.data_rows (id, data_type_id, field, type, display_name, required, browse, `read`, edit, `add`, `delete`, details, `order`) VALUES (240, 26, 'trasmision', 'text', 'Trasmision', 0, 1, 1, 1, 1, 1, '{}', 10);
INSERT INTO realtimeapp.data_rows (id, data_type_id, field, type, display_name, required, browse, `read`, edit, `add`, `delete`, details, `order`) VALUES (241, 26, 'puertas', 'text', 'Puertas', 0, 1, 1, 1, 1, 1, '{}', 11);
INSERT INTO realtimeapp.data_rows (id, data_type_id, field, type, display_name, required, browse, `read`, edit, `add`, `delete`, details, `order`) VALUES (242, 26, 'freno_delantero', 'text', 'Freno Delantero', 0, 1, 1, 1, 1, 1, '{}', 12);
INSERT INTO realtimeapp.data_rows (id, data_type_id, field, type, display_name, required, browse, `read`, edit, `add`, `delete`, details, `order`) VALUES (243, 26, 'freno_trasero', 'text', 'Freno Trasero', 0, 1, 1, 1, 1, 1, '{}', 13);
INSERT INTO realtimeapp.data_rows (id, data_type_id, field, type, display_name, required, browse, `read`, edit, `add`, `delete`, details, `order`) VALUES (244, 26, 'tipo_freno', 'text', 'Tipo Freno', 0, 1, 1, 1, 1, 1, '{}', 14);
INSERT INTO realtimeapp.data_rows (id, data_type_id, field, type, display_name, required, browse, `read`, edit, `add`, `delete`, details, `order`) VALUES (245, 26, 'am_fm', 'text', 'Am Fm', 0, 1, 1, 1, 1, 1, '{}', 15);
INSERT INTO realtimeapp.data_rows (id, data_type_id, field, type, display_name, required, browse, `read`, edit, `add`, `delete`, details, `order`) VALUES (246, 26, 'cd', 'text', 'Cd', 0, 1, 1, 1, 1, 1, '{}', 16);
INSERT INTO realtimeapp.data_rows (id, data_type_id, field, type, display_name, required, browse, `read`, edit, `add`, `delete`, details, `order`) VALUES (247, 26, 'sd', 'text', 'Sd', 0, 1, 1, 1, 1, 1, '{}', 17);
INSERT INTO realtimeapp.data_rows (id, data_type_id, field, type, display_name, required, browse, `read`, edit, `add`, `delete`, details, `order`) VALUES (248, 26, 'aux', 'text', 'Aux', 0, 1, 1, 1, 1, 1, '{}', 18);
INSERT INTO realtimeapp.data_rows (id, data_type_id, field, type, display_name, required, browse, `read`, edit, `add`, `delete`, details, `order`) VALUES (249, 26, 'usb', 'text', 'Usb', 0, 1, 1, 1, 1, 1, '{}', 19);
INSERT INTO realtimeapp.data_rows (id, data_type_id, field, type, display_name, required, browse, `read`, edit, `add`, `delete`, details, `order`) VALUES (250, 26, 'bluetooth', 'text', 'Bluetooth', 0, 1, 1, 1, 1, 1, '{}', 20);
INSERT INTO realtimeapp.data_rows (id, data_type_id, field, type, display_name, required, browse, `read`, edit, `add`, `delete`, details, `order`) VALUES (251, 26, 'neumaticos', 'text', 'Neumaticos', 0, 1, 1, 1, 1, 1, '{}', 21);
INSERT INTO realtimeapp.data_rows (id, data_type_id, field, type, display_name, required, browse, `read`, edit, `add`, `delete`, details, `order`) VALUES (252, 26, 'tapizado', 'text', 'Tapizado', 0, 1, 1, 1, 1, 1, '{}', 22);
INSERT INTO realtimeapp.data_rows (id, data_type_id, field, type, display_name, required, browse, `read`, edit, `add`, `delete`, details, `order`) VALUES (253, 26, 'airbag', 'text', 'Airbag', 0, 1, 1, 1, 1, 1, '{}', 23);
INSERT INTO realtimeapp.data_rows (id, data_type_id, field, type, display_name, required, browse, `read`, edit, `add`, `delete`, details, `order`) VALUES (254, 26, 'alarma', 'text', 'Alarma', 0, 1, 1, 1, 1, 1, '{}', 24);
INSERT INTO realtimeapp.data_rows (id, data_type_id, field, type, display_name, required, browse, `read`, edit, `add`, `delete`, details, `order`) VALUES (255, 26, 'aros', 'text', 'Aros', 0, 1, 1, 1, 1, 1, '{}', 25);
INSERT INTO realtimeapp.data_rows (id, data_type_id, field, type, display_name, required, browse, `read`, edit, `add`, `delete`, details, `order`) VALUES (256, 26, 'neblineros', 'text', 'Neblineros', 0, 1, 1, 1, 1, 1, '{}', 26);
INSERT INTO realtimeapp.data_rows (id, data_type_id, field, type, display_name, required, browse, `read`, edit, `add`, `delete`, details, `order`) VALUES (257, 26, 'lunas', 'text', 'Lunas', 0, 1, 1, 1, 1, 1, '{}', 27);
INSERT INTO realtimeapp.data_rows (id, data_type_id, field, type, display_name, required, browse, `read`, edit, `add`, `delete`, details, `order`) VALUES (258, 26, 'gps', 'text', 'Gps', 0, 1, 1, 1, 1, 1, '{}', 28);
INSERT INTO realtimeapp.data_rows (id, data_type_id, field, type, display_name, required, browse, `read`, edit, `add`, `delete`, details, `order`) VALUES (259, 26, 'sensores', 'text', 'Sensores', 0, 1, 1, 1, 1, 1, '{}', 29);
INSERT INTO realtimeapp.data_rows (id, data_type_id, field, type, display_name, required, browse, `read`, edit, `add`, `delete`, details, `order`) VALUES (260, 26, 'created_at', 'timestamp', 'Created At', 0, 1, 1, 0, 0, 0, '{"format":"%d-%m-%Y"}', 30);
INSERT INTO realtimeapp.data_rows (id, data_type_id, field, type, display_name, required, browse, `read`, edit, `add`, `delete`, details, `order`) VALUES (261, 26, 'updated_at', 'timestamp', 'Updated At', 0, 0, 1, 0, 0, 0, '{"format":"%d-%m-%Y"}', 31);
INSERT INTO realtimeapp.data_rows (id, data_type_id, field, type, display_name, required, browse, `read`, edit, `add`, `delete`, details, `order`) VALUES (262, 26, 'deleted_at', 'timestamp', 'Deleted At', 0, 0, 1, 0, 0, 0, '{"format":"%d-%m-%Y"}', 32);
INSERT INTO realtimeapp.data_rows (id, data_type_id, field, type, display_name, required, browse, `read`, edit, `add`, `delete`, details, `order`) VALUES (267, 27, 'id', 'text', 'Id', 1, 0, 0, 0, 0, 0, '{}', 1);
INSERT INTO realtimeapp.data_rows (id, data_type_id, field, type, display_name, required, browse, `read`, edit, `add`, `delete`, details, `order`) VALUES (268, 27, 'user_id', 'select_dropdown', 'Usuario Creador *', 0, 1, 1, 1, 1, 1, '{"validation":{"rule":"required"}}', 2);
INSERT INTO realtimeapp.data_rows (id, data_type_id, field, type, display_name, required, browse, `read`, edit, `add`, `delete`, details, `order`) VALUES (269, 27, 'lote_id', 'select_dropdown', 'Lote*', 1, 1, 1, 1, 1, 1, '{"validation":{"rule":"required"}}', 4);
INSERT INTO realtimeapp.data_rows (id, data_type_id, field, type, display_name, required, browse, `read`, edit, `add`, `delete`, details, `order`) VALUES (270, 27, 'producto', 'text', 'Nombre*', 1, 1, 1, 1, 1, 1, '{"validation":{"rule":"required|string"}}', 6);
INSERT INTO realtimeapp.data_rows (id, data_type_id, field, type, display_name, required, browse, `read`, edit, `add`, `delete`, details, `order`) VALUES (271, 27, 'created_at', 'timestamp', 'Creado en', 0, 1, 1, 1, 0, 1, '{"format":"%d-%m-%Y"}', 8);
INSERT INTO realtimeapp.data_rows (id, data_type_id, field, type, display_name, required, browse, `read`, edit, `add`, `delete`, details, `order`) VALUES (272, 27, 'updated_at', 'timestamp', 'Actualizado En', 0, 0, 0, 0, 0, 0, '{"format":"%d-%m-%Y"}', 9);
INSERT INTO realtimeapp.data_rows (id, data_type_id, field, type, display_name, required, browse, `read`, edit, `add`, `delete`, details, `order`) VALUES (273, 27, 'deleted_at', 'timestamp', 'Borrado En', 0, 1, 1, 1, 1, 1, '{"format":"%d-%m-%Y"}', 10);
INSERT INTO realtimeapp.data_rows (id, data_type_id, field, type, display_name, required, browse, `read`, edit, `add`, `delete`, details, `order`) VALUES (274, 27, 'precio', 'text', 'Precio*', 1, 1, 1, 1, 1, 1, '{"validation":{"rule":"required|string"}}', 7);
INSERT INTO realtimeapp.data_rows (id, data_type_id, field, type, display_name, required, browse, `read`, edit, `add`, `delete`, details, `order`) VALUES (275, 7, 'auction_belongsto_producto_relationship', 'relationship', 'Producto *', 0, 1, 1, 1, 1, 1, '{"model":"App\\\\Producto","table":"productos","type":"belongsTo","column":"producto_id","key":"id","label":"producto","pivot_table":"addresses","pivot":"0","taggable":"0"}', 3);
INSERT INTO realtimeapp.data_rows (id, data_type_id, field, type, display_name, required, browse, `read`, edit, `add`, `delete`, details, `order`) VALUES (276, 7, 'auction_belongsto_user_relationship', 'relationship', 'Ganador', 0, 1, 1, 1, 1, 1, '{"model":"App\\\\User","table":"users","type":"belongsTo","column":"ganador_id","key":"id","label":"name","pivot_table":"addresses","pivot":"0","taggable":"0"}', 5);
INSERT INTO realtimeapp.data_rows (id, data_type_id, field, type, display_name, required, browse, `read`, edit, `add`, `delete`, details, `order`) VALUES (277, 7, 'auction_belongsto_user_relationship_1', 'relationship', 'Segundo', 0, 1, 1, 1, 1, 1, '{"model":"App\\\\User","table":"users","type":"belongsTo","column":"segundo_id","key":"id","label":"name","pivot_table":"addresses","pivot":"0","taggable":"0"}', 7);
INSERT INTO realtimeapp.data_rows (id, data_type_id, field, type, display_name, required, browse, `read`, edit, `add`, `delete`, details, `order`) VALUES (278, 7, 'auction_belongsto_user_relationship_2', 'relationship', 'Tercero', 0, 1, 1, 1, 1, 1, '{"model":"App\\\\User","table":"users","type":"belongsTo","column":"tercero_id","key":"id","label":"name","pivot_table":"addresses","pivot":"0","taggable":"0"}', 9);
INSERT INTO realtimeapp.data_rows (id, data_type_id, field, type, display_name, required, browse, `read`, edit, `add`, `delete`, details, `order`) VALUES (279, 7, 'auction_belongsto_user_relationship_3', 'relationship', 'Cuarto', 0, 1, 1, 1, 1, 1, '{"model":"App\\\\User","table":"users","type":"belongsTo","column":"cuarto_id","key":"id","label":"name","pivot_table":"addresses","pivot":"0","taggable":"0"}', 11);
INSERT INTO realtimeapp.data_rows (id, data_type_id, field, type, display_name, required, browse, `read`, edit, `add`, `delete`, details, `order`) VALUES (280, 7, 'producto_id', 'text', 'Producto *', 1, 1, 1, 1, 1, 1, '{"validation":{"rule":"required"}}', 2);
INSERT INTO realtimeapp.data_rows (id, data_type_id, field, type, display_name, required, browse, `read`, edit, `add`, `delete`, details, `order`) VALUES (281, 8, 'audit_belongsto_user_relationship', 'relationship', 'Usuario', 0, 1, 1, 1, 1, 1, '{"model":"App\\\\User","table":"users","type":"belongsTo","column":"user_id","key":"id","label":"name","pivot_table":"addresses","pivot":"0","taggable":"0"}', 3);
INSERT INTO realtimeapp.data_rows (id, data_type_id, field, type, display_name, required, browse, `read`, edit, `add`, `delete`, details, `order`) VALUES (282, 4, 'balance_belongsto_user_relationship', 'relationship', 'Usuario*', 0, 1, 1, 1, 1, 1, '{"model":"App\\\\User","table":"users","type":"belongsTo","column":"user_id","key":"id","label":"name","pivot_table":"addresses","pivot":"0","taggable":"0"}', 3);
INSERT INTO realtimeapp.data_rows (id, data_type_id, field, type, display_name, required, browse, `read`, edit, `add`, `delete`, details, `order`) VALUES (283, 4, 'balance_belongsto_bank_relationship', 'relationship', 'Banco*', 0, 1, 1, 1, 1, 1, '{"model":"App\\\\Bank","table":"banks","type":"belongsTo","column":"banco_id","key":"id","label":"nombre","pivot_table":"addresses","pivot":"0","taggable":"0"}', 5);
INSERT INTO realtimeapp.data_rows (id, data_type_id, field, type, display_name, required, browse, `read`, edit, `add`, `delete`, details, `order`) VALUES (284, 11, 'company_belongsto_legal_person_relationship', 'relationship', 'Persona Juridica*', 0, 1, 1, 1, 1, 1, '{"model":"App\\\\LegalPerson","table":"legal_persons","type":"belongsTo","column":"persona_juridica_id","key":"id","label":"razon_social","pivot_table":"addresses","pivot":"0","taggable":"0"}', 3);
INSERT INTO realtimeapp.data_rows (id, data_type_id, field, type, display_name, required, browse, `read`, edit, `add`, `delete`, details, `order`) VALUES (285, 11, 'company_belongsto_address_relationship', 'relationship', 'Direccion Fiscal*', 0, 1, 1, 1, 1, 1, '{"model":"App\\\\Address","table":"addresses","type":"belongsTo","column":"direccion_id","key":"id","label":"titulo_direccion","pivot_table":"addresses","pivot":"0","taggable":"0"}', 5);
INSERT INTO realtimeapp.data_rows (id, data_type_id, field, type, display_name, required, browse, `read`, edit, `add`, `delete`, details, `order`) VALUES (287, 13, 'district_belongsto_country_relationship', 'relationship', 'Pais*', 0, 1, 1, 1, 1, 1, '{"model":"App\\\\Country","table":"countries","type":"belongsTo","column":"pais_id","key":"id","label":"nombre","pivot_table":"addresses","pivot":"0","taggable":"0"}', 3);
INSERT INTO realtimeapp.data_rows (id, data_type_id, field, type, display_name, required, browse, `read`, edit, `add`, `delete`, details, `order`) VALUES (288, 13, 'district_hasone_department_relationship', 'relationship', 'Departamento*', 0, 1, 1, 1, 1, 1, '{"model":"App\\\\Department","table":"departments","type":"belongsTo","column":"departamento_id","key":"id","label":"nombre","pivot_table":"addresses","pivot":"0","taggable":"0"}', 5);
INSERT INTO realtimeapp.data_rows (id, data_type_id, field, type, display_name, required, browse, `read`, edit, `add`, `delete`, details, `order`) VALUES (289, 13, 'district_belongsto_province_relationship', 'relationship', 'Provincia*', 0, 1, 1, 1, 1, 1, '{"model":"App\\\\Province","table":"provinces","type":"belongsTo","column":"provincia_id","key":"id","label":"nombre","pivot_table":"addresses","pivot":"0","taggable":"0"}', 7);
INSERT INTO realtimeapp.data_rows (id, data_type_id, field, type, display_name, required, browse, `read`, edit, `add`, `delete`, details, `order`) VALUES (292, 12, 'department_belongsto_country_relationship', 'relationship', 'Pais*', 0, 1, 1, 1, 1, 1, '{"model":"App\\\\Country","table":"countries","type":"belongsTo","column":"pais_id","key":"id","label":"nombre","pivot_table":"addresses","pivot":"0","taggable":"0"}', 3);
INSERT INTO realtimeapp.data_rows (id, data_type_id, field, type, display_name, required, browse, `read`, edit, `add`, `delete`, details, `order`) VALUES (293, 24, 'province_belongsto_country_relationship', 'relationship', 'Pais', 0, 1, 1, 1, 1, 1, '{"model":"App\\\\Country","table":"countries","type":"belongsTo","column":"pais_id","key":"id","label":"nombre","pivot_table":"addresses","pivot":"0","taggable":"0"}', 3);
INSERT INTO realtimeapp.data_rows (id, data_type_id, field, type, display_name, required, browse, `read`, edit, `add`, `delete`, details, `order`) VALUES (295, 24, 'province_belongsto_department_relationship', 'relationship', 'Departamento', 0, 1, 1, 1, 1, 1, '{"scope":"Pais","model":"App\\\\Department","table":"departments","type":"belongsTo","column":"departamento_id","key":"id","label":"nombre","pivot_table":"addresses","pivot":"0","taggable":"0"}', 5);
INSERT INTO realtimeapp.data_rows (id, data_type_id, field, type, display_name, required, browse, `read`, edit, `add`, `delete`, details, `order`) VALUES (296, 6, 'address_belongsto_country_relationship', 'relationship', 'Pais*', 0, 1, 1, 1, 1, 1, '{"model":"App\\\\Country","table":"countries","type":"belongsTo","column":"pais_id","key":"id","label":"nombre","pivot_table":"addresses","pivot":"0","taggable":"0"}', 3);
INSERT INTO realtimeapp.data_rows (id, data_type_id, field, type, display_name, required, browse, `read`, edit, `add`, `delete`, details, `order`) VALUES (297, 6, 'address_belongsto_department_relationship', 'relationship', 'Departamento*', 0, 1, 1, 1, 1, 1, '{"scope":"Pais","model":"App\\\\Department","table":"departments","type":"belongsTo","column":"departamento_id","key":"id","label":"nombre","pivot_table":"addresses","pivot":"0","taggable":"0"}', 5);
INSERT INTO realtimeapp.data_rows (id, data_type_id, field, type, display_name, required, browse, `read`, edit, `add`, `delete`, details, `order`) VALUES (298, 6, 'address_belongsto_province_relationship', 'relationship', 'Provincia*', 0, 1, 1, 1, 1, 1, '{"model":"App\\\\Province","table":"provinces","type":"belongsTo","column":"provincia_id","key":"id","label":"nombre","pivot_table":"addresses","pivot":"0","taggable":"0"}', 7);
INSERT INTO realtimeapp.data_rows (id, data_type_id, field, type, display_name, required, browse, `read`, edit, `add`, `delete`, details, `order`) VALUES (299, 6, 'address_belongsto_district_relationship', 'relationship', 'Distrito*', 0, 1, 1, 1, 1, 1, '{"model":"App\\\\District","table":"districts","type":"belongsTo","column":"distrito_id","key":"id","label":"nombre","pivot_table":"addresses","pivot":"0","taggable":"0"}', 9);
INSERT INTO realtimeapp.data_rows (id, data_type_id, field, type, display_name, required, browse, `read`, edit, `add`, `delete`, details, `order`) VALUES (300, 15, 'imagenes_vehiculo_belongsto_user_relationship', 'relationship', 'users', 0, 1, 1, 1, 1, 1, '{"model":"App\\\\User","table":"users","type":"belongsTo","column":"user_id","key":"id","label":"name","pivot_table":"addresses","pivot":"0","taggable":"0"}', 3);
INSERT INTO realtimeapp.data_rows (id, data_type_id, field, type, display_name, required, browse, `read`, edit, `add`, `delete`, details, `order`) VALUES (301, 15, 'imagenes_vehiculo_belongsto_producto_relationship', 'relationship', 'productos', 0, 1, 1, 1, 1, 1, '{"model":"App\\\\Producto","table":"productos","type":"belongsTo","column":"vehiculo_id","key":"id","label":"producto","pivot_table":"addresses","pivot":"0","taggable":"0"}', 5);
INSERT INTO realtimeapp.data_rows (id, data_type_id, field, type, display_name, required, browse, `read`, edit, `add`, `delete`, details, `order`) VALUES (302, 16, 'id', 'text', 'Id', 1, 0, 0, 0, 0, 0, '{}', 1);
INSERT INTO realtimeapp.data_rows (id, data_type_id, field, type, display_name, required, browse, `read`, edit, `add`, `delete`, details, `order`) VALUES (303, 16, 'persona_id', 'select_dropdown', 'Persona Natural*', 1, 1, 1, 1, 1, 1, '{"validation":{"rule":"required"}}', 2);
INSERT INTO realtimeapp.data_rows (id, data_type_id, field, type, display_name, required, browse, `read`, edit, `add`, `delete`, details, `order`) VALUES (304, 16, 'banco_id', 'select_dropdown', 'Banco*', 1, 1, 1, 1, 1, 1, '{"validation":{"rule":"required"}}', 4);
INSERT INTO realtimeapp.data_rows (id, data_type_id, field, type, display_name, required, browse, `read`, edit, `add`, `delete`, details, `order`) VALUES (305, 16, 'direccion_id', 'select_dropdown', 'Direccion', 1, 1, 1, 1, 1, 1, '{"validation":{"rule":"required"}}', 6);
INSERT INTO realtimeapp.data_rows (id, data_type_id, field, type, display_name, required, browse, `read`, edit, `add`, `delete`, details, `order`) VALUES (306, 16, 'direccion2_id', 'select_dropdown', 'Dirección Fiscal', 1, 1, 1, 1, 1, 1, '{}', 8);
INSERT INTO realtimeapp.data_rows (id, data_type_id, field, type, display_name, required, browse, `read`, edit, `add`, `delete`, details, `order`) VALUES (307, 16, 'nombre', 'text', 'Nombre *', 0, 1, 1, 1, 1, 1, '{"validation":{"rule":"required|string"}}', 10);
INSERT INTO realtimeapp.data_rows (id, data_type_id, field, type, display_name, required, browse, `read`, edit, `add`, `delete`, details, `order`) VALUES (308, 16, 'razon_social', 'text', 'Razon Social*', 0, 1, 1, 1, 1, 1, '{"validation":{"rule":"required|string"}}', 11);
INSERT INTO realtimeapp.data_rows (id, data_type_id, field, type, display_name, required, browse, `read`, edit, `add`, `delete`, details, `order`) VALUES (309, 16, 'ruc', 'text', 'Ruc*', 0, 1, 1, 1, 1, 1, '{"validation":{"rule":"required|string"}}', 12);
INSERT INTO realtimeapp.data_rows (id, data_type_id, field, type, display_name, required, browse, `read`, edit, `add`, `delete`, details, `order`) VALUES (310, 16, 'numero_cuenta', 'text', 'Numero Cuenta', 0, 1, 1, 1, 1, 1, '{}', 13);
INSERT INTO realtimeapp.data_rows (id, data_type_id, field, type, display_name, required, browse, `read`, edit, `add`, `delete`, details, `order`) VALUES (311, 16, 'telefono', 'text', 'Telefono*', 0, 1, 1, 1, 1, 1, '{"validation":{"rule":"required|string"}}', 14);
INSERT INTO realtimeapp.data_rows (id, data_type_id, field, type, display_name, required, browse, `read`, edit, `add`, `delete`, details, `order`) VALUES (312, 16, 'created_at', 'timestamp', 'Creado en', 0, 1, 1, 1, 0, 0, '{"format":"%d-%m-%Y"}', 15);
INSERT INTO realtimeapp.data_rows (id, data_type_id, field, type, display_name, required, browse, `read`, edit, `add`, `delete`, details, `order`) VALUES (313, 16, 'updated_at', 'timestamp', 'Actualizado En', 0, 0, 1, 0, 0, 0, '{"format":"%d-%m-%Y"}', 16);
INSERT INTO realtimeapp.data_rows (id, data_type_id, field, type, display_name, required, browse, `read`, edit, `add`, `delete`, details, `order`) VALUES (314, 16, 'deleted_at', 'timestamp', 'Borrado En', 0, 0, 1, 0, 0, 0, '{"format":"%d-%m-%Y"}', 17);
INSERT INTO realtimeapp.data_rows (id, data_type_id, field, type, display_name, required, browse, `read`, edit, `add`, `delete`, details, `order`) VALUES (315, 17, 'lot_belongsto_user_relationship', 'relationship', 'users', 0, 1, 1, 1, 1, 1, '{"model":"App\\\\User","table":"users","type":"belongsTo","column":"user_id","key":"id","label":"name","pivot_table":"addresses","pivot":"0","taggable":"0"}', 3);
INSERT INTO realtimeapp.data_rows (id, data_type_id, field, type, display_name, required, browse, `read`, edit, `add`, `delete`, details, `order`) VALUES (316, 17, 'lot_belongsto_company_relationship', 'relationship', 'companies', 0, 1, 1, 1, 1, 1, '{"model":"App\\\\Company","table":"companies","type":"belongsTo","column":"empresa_id","key":"id","label":"razon_social","pivot_table":"addresses","pivot":"0","taggable":"0"}', 5);
INSERT INTO realtimeapp.data_rows (id, data_type_id, field, type, display_name, required, browse, `read`, edit, `add`, `delete`, details, `order`) VALUES (317, 18, 'message_belongsto_auction_relationship', 'relationship', 'auctions', 0, 1, 1, 1, 1, 1, '{"model":"App\\\\Auction","table":"auctions","type":"belongsTo","column":"subasta_id","key":"id","label":"id","pivot_table":"addresses","pivot":"0","taggable":"0"}', 3);
INSERT INTO realtimeapp.data_rows (id, data_type_id, field, type, display_name, required, browse, `read`, edit, `add`, `delete`, details, `order`) VALUES (318, 18, 'message_belongsto_user_relationship', 'relationship', 'users', 0, 1, 1, 1, 1, 1, '{"model":"App\\\\User","table":"users","type":"belongsTo","column":"user_id","key":"id","label":"name","pivot_table":"addresses","pivot":"0","taggable":"0"}', 5);
INSERT INTO realtimeapp.data_rows (id, data_type_id, field, type, display_name, required, browse, `read`, edit, `add`, `delete`, details, `order`) VALUES (319, 22, 'model_belongsto_brand_relationship', 'relationship', 'brands', 0, 1, 1, 1, 1, 1, '{"model":"App\\\\Brand","table":"brands","type":"belongsTo","column":"marca_id","key":"id","label":"nombre","pivot_table":"addresses","pivot":"0","taggable":"0"}', 3);
INSERT INTO realtimeapp.data_rows (id, data_type_id, field, type, display_name, required, browse, `read`, edit, `add`, `delete`, details, `order`) VALUES (320, 23, 'person_belongsto_user_relationship', 'relationship', 'Usuario', 0, 1, 1, 1, 1, 1, '{"model":"App\\\\User","table":"users","type":"belongsTo","column":"user_id","key":"id","label":"email","pivot_table":"addresses","pivot":"0","taggable":"0"}', 6);
INSERT INTO realtimeapp.data_rows (id, data_type_id, field, type, display_name, required, browse, `read`, edit, `add`, `delete`, details, `order`) VALUES (321, 23, 'person_belongsto_document_relationship', 'relationship', 'Documento', 0, 1, 1, 1, 1, 1, '{"model":"App\\\\Document","table":"documents","type":"belongsTo","column":"documento_id","key":"id","label":"nombre","pivot_table":"addresses","pivot":"0","taggable":"0"}', 9);
INSERT INTO realtimeapp.data_rows (id, data_type_id, field, type, display_name, required, browse, `read`, edit, `add`, `delete`, details, `order`) VALUES (322, 23, 'person_belongsto_address_relationship', 'relationship', 'Direccion', 0, 1, 1, 1, 1, 1, '{"model":"App\\\\Address","table":"addresses","type":"belongsTo","column":"direccion_id","key":"id","label":"titulo_direccion","pivot_table":"addresses","pivot":"0","taggable":"0"}', 12);
INSERT INTO realtimeapp.data_rows (id, data_type_id, field, type, display_name, required, browse, `read`, edit, `add`, `delete`, details, `order`) VALUES (323, 23, 'person_belongsto_bank_relationship', 'relationship', 'Banco', 0, 1, 1, 1, 1, 1, '{"model":"App\\\\Bank","table":"banks","type":"belongsTo","column":"banco_id","key":"id","label":"nombre","pivot_table":"addresses","pivot":"0","taggable":"0"}', 15);
INSERT INTO realtimeapp.data_rows (id, data_type_id, field, type, display_name, required, browse, `read`, edit, `add`, `delete`, details, `order`) VALUES (324, 27, 'producto_belongsto_user_relationship', 'relationship', 'Usuario Creador*', 0, 1, 1, 1, 1, 1, '{"model":"App\\\\User","table":"users","type":"belongsTo","column":"user_id","key":"id","label":"name","pivot_table":"addresses","pivot":"0","taggable":"0"}', 3);
INSERT INTO realtimeapp.data_rows (id, data_type_id, field, type, display_name, required, browse, `read`, edit, `add`, `delete`, details, `order`) VALUES (325, 27, 'producto_belongsto_lot_relationship', 'relationship', 'Lote*', 0, 1, 1, 1, 1, 1, '{"model":"App\\\\Lot","table":"lots","type":"belongsTo","column":"lote_id","key":"id","label":"nombre","pivot_table":"addresses","pivot":"0","taggable":"0"}', 5);
INSERT INTO realtimeapp.data_rows (id, data_type_id, field, type, display_name, required, browse, `read`, edit, `add`, `delete`, details, `order`) VALUES (326, 26, 'vehicle_detail_belongsto_vehicle_relationship', 'relationship', 'vehicles', 0, 1, 1, 1, 1, 1, '{"model":"App\\\\Vehicle","table":"vehicles","type":"belongsTo","column":"vehiculo_id","key":"id","label":"nombre","pivot_table":"addresses","pivot":"0","taggable":"0"}', 3);
INSERT INTO realtimeapp.data_rows (id, data_type_id, field, type, display_name, required, browse, `read`, edit, `add`, `delete`, details, `order`) VALUES (327, 19, 'vehicle_belongsto_user_relationship', 'relationship', 'users', 0, 1, 1, 1, 1, 1, '{"model":"App\\\\User","table":"users","type":"belongsTo","column":"user_id","key":"id","label":"name","pivot_table":"addresses","pivot":"0","taggable":"0"}', 3);
INSERT INTO realtimeapp.data_rows (id, data_type_id, field, type, display_name, required, browse, `read`, edit, `add`, `delete`, details, `order`) VALUES (328, 19, 'vehicle_belongsto_producto_relationship', 'relationship', 'Producto*', 0, 1, 1, 1, 1, 1, '{"model":"App\\\\Producto","table":"productos","type":"belongsTo","column":"lote_id","key":"id","label":"producto","pivot_table":"addresses","pivot":"0","taggable":"0"}', 5);
INSERT INTO realtimeapp.data_rows (id, data_type_id, field, type, display_name, required, browse, `read`, edit, `add`, `delete`, details, `order`) VALUES (329, 19, 'vehicle_belongsto_brand_relationship', 'relationship', 'Marca*', 0, 1, 1, 1, 1, 1, '{"model":"App\\\\Brand","table":"brands","type":"belongsTo","column":"marca_id","key":"id","label":"nombre","pivot_table":"addresses","pivot":"0","taggable":"0"}', 7);
INSERT INTO realtimeapp.data_rows (id, data_type_id, field, type, display_name, required, browse, `read`, edit, `add`, `delete`, details, `order`) VALUES (330, 19, 'vehicle_belongsto_model_relationship', 'relationship', 'Modelo*', 0, 1, 1, 1, 1, 1, '{"model":"App\\\\ModelVehicle","table":"models","type":"belongsTo","column":"modelo_id","key":"id","label":"nombre","pivot_table":"addresses","pivot":"0","taggable":"0"}', 9);
INSERT INTO realtimeapp.data_rows (id, data_type_id, field, type, display_name, required, browse, `read`, edit, `add`, `delete`, details, `order`) VALUES (331, 25, 'warehouse_belongsto_company_relationship', 'relationship', 'Compañia', 0, 1, 1, 1, 1, 1, '{"model":"App\\\\Company","table":"companies","type":"belongsTo","column":"company_id","key":"id","label":"razon_social","pivot_table":"addresses","pivot":"0","taggable":"0"}', 3);
INSERT INTO realtimeapp.data_rows (id, data_type_id, field, type, display_name, required, browse, `read`, edit, `add`, `delete`, details, `order`) VALUES (332, 25, 'warehouse_belongsto_address_relationship', 'relationship', 'Compañia', 0, 1, 1, 1, 1, 1, '{"model":"App\\\\Address","table":"addresses","type":"belongsTo","column":"direccion_id","key":"id","label":"titulo_direccion","pivot_table":"addresses","pivot":"0","taggable":"0"}', 5);
INSERT INTO realtimeapp.data_rows (id, data_type_id, field, type, display_name, required, browse, `read`, edit, `add`, `delete`, details, `order`) VALUES (333, 16, 'legal_person_belongsto_person_relationship', 'relationship', 'Persona Natural*', 0, 1, 1, 1, 1, 1, '{"model":"App\\\\Person","table":"people","type":"belongsTo","column":"persona_id","key":"id","label":"email","pivot_table":"addresses","pivot":"0","taggable":"0"}', 3);
INSERT INTO realtimeapp.data_rows (id, data_type_id, field, type, display_name, required, browse, `read`, edit, `add`, `delete`, details, `order`) VALUES (334, 16, 'legal_person_belongsto_bank_relationship', 'relationship', 'Banco*', 0, 1, 1, 1, 1, 1, '{"model":"App\\\\Bank","table":"banks","type":"belongsTo","column":"banco_id","key":"id","label":"nombre","pivot_table":"addresses","pivot":"0","taggable":"0"}', 5);
INSERT INTO realtimeapp.data_rows (id, data_type_id, field, type, display_name, required, browse, `read`, edit, `add`, `delete`, details, `order`) VALUES (335, 16, 'legal_person_belongsto_address_relationship', 'relationship', 'Direccion', 0, 1, 1, 1, 1, 1, '{"model":"App\\\\Address","table":"addresses","type":"belongsTo","column":"direccion_id","key":"id","label":"titulo_direccion","pivot_table":"addresses","pivot":"0","taggable":"0"}', 7);
INSERT INTO realtimeapp.data_rows (id, data_type_id, field, type, display_name, required, browse, `read`, edit, `add`, `delete`, details, `order`) VALUES (336, 16, 'legal_person_belongsto_address_relationship_1', 'relationship', 'Dirección Fiscal', 0, 1, 1, 1, 1, 1, '{"model":"App\\\\Address","table":"addresses","type":"belongsTo","column":"direccion2_id","key":"id","label":"titulo_direccion","pivot_table":"addresses","pivot":"0","taggable":"0"}', 9);
-- data Type
INSERT INTO realtimeapp.data_types (id, name, slug, display_name_singular, display_name_plural, icon, model_name, policy_name, controller, description, generate_permissions, server_side, details, created_at, updated_at) VALUES (1, 'users', 'users', 'User', 'Users', 'voyager-person', 'TCG\\Voyager\\Models\\User', 'TCG\\Voyager\\Policies\\UserPolicy', 'TCG\\Voyager\\Http\\Controllers\\VoyagerUserController', '', 1, 0, null, '2020-06-20 00:20:58', '2020-06-20 00:20:58');
INSERT INTO realtimeapp.data_types (id, name, slug, display_name_singular, display_name_plural, icon, model_name, policy_name, controller, description, generate_permissions, server_side, details, created_at, updated_at) VALUES (2, 'menus', 'menus', 'Menu', 'Menus', 'voyager-list', 'TCG\\Voyager\\Models\\Menu', null, '', '', 1, 0, null, '2020-06-20 00:20:58', '2020-06-20 00:20:58');
INSERT INTO realtimeapp.data_types (id, name, slug, display_name_singular, display_name_plural, icon, model_name, policy_name, controller, description, generate_permissions, server_side, details, created_at, updated_at) VALUES (3, 'roles', 'roles', 'Role', 'Roles', 'voyager-lock', 'TCG\\Voyager\\Models\\Role', null, 'TCG\\Voyager\\Http\\Controllers\\VoyagerRoleController', '', 1, 0, null, '2020-06-20 00:20:58', '2020-06-20 00:20:58');
INSERT INTO realtimeapp.data_types (id, name, slug, display_name_singular, display_name_plural, icon, model_name, policy_name, controller, description, generate_permissions, server_side, details, created_at, updated_at) VALUES (4, 'balances', 'balances', 'Balance', 'Balances', 'voyager-bar-chart', 'App\\Balance', null, null, null, 1, 0, '{"order_column":null,"order_display_column":null,"order_direction":"asc","default_search_key":null,"scope":null}', '2020-06-20 01:22:44', '2020-06-23 04:22:01');
INSERT INTO realtimeapp.data_types (id, name, slug, display_name_singular, display_name_plural, icon, model_name, policy_name, controller, description, generate_permissions, server_side, details, created_at, updated_at) VALUES (5, 'countries', 'paises', 'Pais', 'Paises', 'voyager-home', 'App\\Country', null, null, null, 1, 0, '{"order_column":null,"order_display_column":null,"order_direction":"asc","default_search_key":null,"scope":null}', '2020-06-20 01:27:53', '2020-06-23 04:22:43');
INSERT INTO realtimeapp.data_types (id, name, slug, display_name_singular, display_name_plural, icon, model_name, policy_name, controller, description, generate_permissions, server_side, details, created_at, updated_at) VALUES (6, 'addresses', 'direccion', 'Direccion', 'Direcciones', 'voyager-paper-plane', 'App\\Address', null, null, null, 1, 0, '{"order_column":null,"order_display_column":null,"order_direction":"asc","default_search_key":null,"scope":null}', '2020-06-22 04:21:25', '2020-06-23 06:01:50');
INSERT INTO realtimeapp.data_types (id, name, slug, display_name_singular, display_name_plural, icon, model_name, policy_name, controller, description, generate_permissions, server_side, details, created_at, updated_at) VALUES (7, 'auctions', 'subasta', 'Subasta', 'Subastas', 'voyager-dollar', 'App\\Auction', null, null, null, 1, 0, '{"order_column":null,"order_display_column":null,"order_direction":"asc","default_search_key":null,"scope":null}', '2020-06-22 08:34:45', '2020-06-23 04:21:32');
INSERT INTO realtimeapp.data_types (id, name, slug, display_name_singular, display_name_plural, icon, model_name, policy_name, controller, description, generate_permissions, server_side, details, created_at, updated_at) VALUES (8, 'audits', 'auditoria', 'Auditoria de Sesion', 'Auditorias de Sesiones', 'voyager-flashlight', 'App\\Audit', null, null, null, 1, 0, '{"order_column":null,"order_display_column":null,"order_direction":"asc","default_search_key":null,"scope":null}', '2020-06-22 08:38:35', '2020-06-23 00:08:17');
INSERT INTO realtimeapp.data_types (id, name, slug, display_name_singular, display_name_plural, icon, model_name, policy_name, controller, description, generate_permissions, server_side, details, created_at, updated_at) VALUES (9, 'banks', 'banco', 'Banco', 'Bancos', 'voyager-shop', 'App\\Bank', null, null, null, 1, 0, '{"order_column":null,"order_display_column":null,"order_direction":"asc","default_search_key":null,"scope":null}', '2020-06-22 08:41:56', '2020-06-23 00:19:34');
INSERT INTO realtimeapp.data_types (id, name, slug, display_name_singular, display_name_plural, icon, model_name, policy_name, controller, description, generate_permissions, server_side, details, created_at, updated_at) VALUES (10, 'brands', 'brands', 'Marca', 'Marcas', null, 'App\\Brand', null, null, null, 1, 0, '{"order_column":null,"order_display_column":null,"order_direction":"asc","default_search_key":null,"scope":null}', '2020-06-22 08:43:18', '2020-06-23 04:22:18');
INSERT INTO realtimeapp.data_types (id, name, slug, display_name_singular, display_name_plural, icon, model_name, policy_name, controller, description, generate_permissions, server_side, details, created_at, updated_at) VALUES (11, 'companies', 'companies', 'Compañia', 'Compañias', 'voyager-company', 'App\\Company', null, null, null, 1, 0, '{"order_column":null,"order_display_column":null,"order_direction":"asc","default_search_key":null,"scope":null}', '2020-06-22 08:46:45', '2020-06-23 04:23:07');
INSERT INTO realtimeapp.data_types (id, name, slug, display_name_singular, display_name_plural, icon, model_name, policy_name, controller, description, generate_permissions, server_side, details, created_at, updated_at) VALUES (12, 'departments', 'departmentos', 'Departamentos', 'Departamento', null, 'App\\Department', null, null, null, 1, 0, '{"order_column":null,"order_display_column":null,"order_direction":"asc","default_search_key":null,"scope":null}', '2020-06-22 09:46:46', '2020-06-23 03:09:24');
INSERT INTO realtimeapp.data_types (id, name, slug, display_name_singular, display_name_plural, icon, model_name, policy_name, controller, description, generate_permissions, server_side, details, created_at, updated_at) VALUES (13, 'districts', 'distrito', 'Distritos', 'Distrito', null, 'App\\District', null, null, null, 1, 0, '{"order_column":null,"order_display_column":null,"order_direction":"asc","default_search_key":null,"scope":null}', '2020-06-22 09:49:13', '2020-06-23 00:29:05');
INSERT INTO realtimeapp.data_types (id, name, slug, display_name_singular, display_name_plural, icon, model_name, policy_name, controller, description, generate_permissions, server_side, details, created_at, updated_at) VALUES (14, 'documents', 'documento', 'Documento', 'Documentos', null, 'App\\Document', null, null, null, 1, 0, '{"order_column":null,"order_display_column":null,"order_direction":"asc","default_search_key":null,"scope":null}', '2020-06-22 09:52:01', '2020-06-23 00:30:07');
INSERT INTO realtimeapp.data_types (id, name, slug, display_name_singular, display_name_plural, icon, model_name, policy_name, controller, description, generate_permissions, server_side, details, created_at, updated_at) VALUES (15, 'imagenes_vehiculos', 'imagenes-productos', 'Imagen de Producto', 'Imagenes de Productos', null, 'App\\ImagenesVehiculo', null, null, null, 1, 0, '{"order_column":null,"order_display_column":null,"order_direction":"asc","default_search_key":null,"scope":null}', '2020-06-22 09:54:09', '2020-06-23 07:41:37');
INSERT INTO realtimeapp.data_types (id, name, slug, display_name_singular, display_name_plural, icon, model_name, policy_name, controller, description, generate_permissions, server_side, details, created_at, updated_at) VALUES (16, 'legal_persons', 'persona-juridica', 'Persona Juridica', 'Personas Juridicas', null, 'App\\LegalPerson', null, null, null, 1, 0, '{"order_column":null,"order_display_column":null,"order_direction":"asc","default_search_key":null,"scope":null}', '2020-06-22 09:56:41', '2020-06-23 06:45:16');
INSERT INTO realtimeapp.data_types (id, name, slug, display_name_singular, display_name_plural, icon, model_name, policy_name, controller, description, generate_permissions, server_side, details, created_at, updated_at) VALUES (17, 'lots', 'lote', 'Lote', 'Lotes', 'fa fa-briefcase', 'App\\Lot', null, null, null, 1, 0, '{"order_column":null,"order_display_column":null,"order_direction":"asc","default_search_key":null,"scope":null}', '2020-06-22 19:43:14', '2020-06-23 06:04:26');
INSERT INTO realtimeapp.data_types (id, name, slug, display_name_singular, display_name_plural, icon, model_name, policy_name, controller, description, generate_permissions, server_side, details, created_at, updated_at) VALUES (18, 'messages', 'messages', 'Mensajes de Subasta', 'Mensajes de Subastas', 'fa fa-comment-o', 'App\\Message', null, null, null, 1, 0, '{"order_column":null,"order_display_column":null,"order_direction":"asc","default_search_key":null,"scope":null}', '2020-06-22 19:54:12', '2020-06-23 06:06:50');
INSERT INTO realtimeapp.data_types (id, name, slug, display_name_singular, display_name_plural, icon, model_name, policy_name, controller, description, generate_permissions, server_side, details, created_at, updated_at) VALUES (19, 'vehicles', 'vehiculo', 'Vehiculo', 'Vehiculos', null, 'App\\Vehicle', null, null, null, 1, 0, '{"order_column":null,"order_display_column":null,"order_direction":"asc","default_search_key":null,"scope":null}', '2020-06-22 20:11:08', '2020-06-23 06:22:08');
INSERT INTO realtimeapp.data_types (id, name, slug, display_name_singular, display_name_plural, icon, model_name, policy_name, controller, description, generate_permissions, server_side, details, created_at, updated_at) VALUES (22, 'models', 'modelo', 'Modelo', 'Modelos', null, 'App\\ModelVehicle', null, null, null, 1, 0, '{"order_column":null,"order_display_column":null,"order_direction":"asc","default_search_key":null,"scope":null}', '2020-06-22 20:16:36', '2020-06-23 06:07:40');
INSERT INTO realtimeapp.data_types (id, name, slug, display_name_singular, display_name_plural, icon, model_name, policy_name, controller, description, generate_permissions, server_side, details, created_at, updated_at) VALUES (23, 'people', 'persona-natural', 'Persona Natural', 'Personas Naturales', null, 'App\\Person', null, null, null, 1, 0, '{"order_column":null,"order_display_column":null,"order_direction":"asc","default_search_key":null,"scope":null}', '2020-06-22 20:33:01', '2020-06-23 06:12:22');
INSERT INTO realtimeapp.data_types (id, name, slug, display_name_singular, display_name_plural, icon, model_name, policy_name, controller, description, generate_permissions, server_side, details, created_at, updated_at) VALUES (24, 'provinces', 'provincia', 'Provincia', 'Provincias', null, 'App\\Province', null, null, null, 1, 0, '{"order_column":null,"order_display_column":null,"order_direction":"asc","default_search_key":null,"scope":null}', '2020-06-22 20:35:02', '2020-06-23 04:17:08');
INSERT INTO realtimeapp.data_types (id, name, slug, display_name_singular, display_name_plural, icon, model_name, policy_name, controller, description, generate_permissions, server_side, details, created_at, updated_at) VALUES (25, 'warehouses', 'almacen', 'Almacen', 'Almacenes', null, 'App\\Warehouse', null, null, null, 1, 0, '{"order_column":null,"order_display_column":null,"order_direction":"asc","default_search_key":null,"scope":null}', '2020-06-22 20:39:00', '2020-06-23 06:24:00');
INSERT INTO realtimeapp.data_types (id, name, slug, display_name_singular, display_name_plural, icon, model_name, policy_name, controller, description, generate_permissions, server_side, details, created_at, updated_at) VALUES (26, 'vehicle_details', 'vehicle-details', 'Detalle de Vehículo', 'Detalles de Vehiculo', null, 'App\\VehicleDetail', null, null, null, 1, 0, '{"order_column":null,"order_display_column":null,"order_direction":"asc","default_search_key":null,"scope":null}', '2020-06-22 20:43:00', '2020-06-23 06:16:31');
INSERT INTO realtimeapp.data_types (id, name, slug, display_name_singular, display_name_plural, icon, model_name, policy_name, controller, description, generate_permissions, server_side, details, created_at, updated_at) VALUES (27, 'productos', 'productos', 'Producto', 'Productos', null, 'App\\Producto', null, null, null, 1, 0, '{"order_column":null,"order_display_column":null,"order_direction":"asc","default_search_key":null,"scope":null}', '2020-06-23 00:02:08', '2020-06-23 06:14:13');
-- departamento
INSERT INTO realtimeapp.departments (id, pais_id, nombre, codigo, created_at, updated_at, deleted_at) VALUES (1, 1, 'Lima', 'LIM', '2020-06-23 03:34:39', '2020-06-23 03:34:39', null);
INSERT INTO realtimeapp.departments (id, pais_id, nombre, codigo, created_at, updated_at, deleted_at) VALUES (2, 2, 'Madrid', 'MAD', '2020-06-23 03:36:27', '2020-06-23 03:36:27', null);
-- distrito
INSERT INTO realtimeapp.districts (id, pais_id, departamento_id, provincia_id, nombre, codigo, created_at, updated_at, deleted_at) VALUES (1, 1, 1, 1, 'Los Olivos', 'OLV', '2020-06-23 04:16:50', '2020-06-23 04:16:50', null);
-- documentos
INSERT INTO realtimeapp.documents (id, nombre, codigo, longitud, ingreso, tipo_contribuyente, tipo_longitud, created_at, updated_at, deleted_at) VALUES (1, 'Documento Nacional De Identidad', 'DNI', '8', null, 'Persona Natural', '8', '2020-06-23 06:36:58', '2020-06-23 06:36:58', null);
-- imagenes vehiculos
INSERT INTO realtimeapp.imagenes_vehiculos (id, user_id, vehiculo_id, imagen, titulo, descripcion, created_at, updated_at, deleted_at) VALUES (1, 1, 1, 'imagenes-productos\\June2020\\I3S2JIw2QOvPOcOYTsZ9.jpg', 'hola', 'compañia de test', '2020-06-23 07:42:13', '2020-06-23 07:42:13', null);
-- persona juridica
INSERT INTO realtimeapp.legal_persons (id, persona_id, banco_id, direccion_id, direccion2_id, nombre, razon_social, ruc, numero_cuenta, telefono, created_at, updated_at, deleted_at) VALUES (1, 1, 1, 1, 1, 'Pedro Aguirre Consultores', 'Pedro Aguirre Consultores SAC', '20000000000', '64645646541651564', '960717583', '2020-06-23 06:50:07', '2020-06-23 06:50:07', null);
-- lotes
INSERT INTO realtimeapp.lots (id, user_id, empresa_id, nombre, descripcion, slug, subasta_at, created_at, updated_at, deleted_at) VALUES (1, 1, 1, 'Lote de Prueba', '<p>Lote de test</p>', null, '2020-06-23 01:52:00', '2020-06-23 06:52:46', '2020-06-23 06:52:46', null);
-- menu Items
INSERT INTO realtimeapp.menu_items (id, menu_id, title, url, target, icon_class, color, parent_id, `order`, created_at, updated_at, route, parameters) VALUES (1, 1, 'Dashboard', '', '_self', 'voyager-boat', null, null, 1, '2020-06-20 00:21:01', '2020-06-20 00:21:01', 'voyager.dashboard', null);
INSERT INTO realtimeapp.menu_items (id, menu_id, title, url, target, icon_class, color, parent_id, `order`, created_at, updated_at, route, parameters) VALUES (2, 1, 'Media', '', '_self', 'voyager-images', null, null, 10, '2020-06-20 00:21:01', '2020-06-22 09:02:35', 'voyager.media.index', null);
INSERT INTO realtimeapp.menu_items (id, menu_id, title, url, target, icon_class, color, parent_id, `order`, created_at, updated_at, route, parameters) VALUES (3, 1, 'Users', '', '_self', 'voyager-person', null, null, 4, '2020-06-20 00:21:02', '2020-06-22 09:02:39', 'voyager.users.index', null);
INSERT INTO realtimeapp.menu_items (id, menu_id, title, url, target, icon_class, color, parent_id, `order`, created_at, updated_at, route, parameters) VALUES (4, 1, 'Roles', '', '_self', 'voyager-lock', null, null, 2, '2020-06-20 00:21:02', '2020-06-20 00:21:02', 'voyager.roles.index', null);
INSERT INTO realtimeapp.menu_items (id, menu_id, title, url, target, icon_class, color, parent_id, `order`, created_at, updated_at, route, parameters) VALUES (5, 1, 'Tools', '', '_self', 'voyager-tools', null, null, 11, '2020-06-20 00:21:02', '2020-06-22 19:36:39', null, null);
INSERT INTO realtimeapp.menu_items (id, menu_id, title, url, target, icon_class, color, parent_id, `order`, created_at, updated_at, route, parameters) VALUES (6, 1, 'Menu Builder', '', '_self', 'voyager-list', null, 5, 1, '2020-06-20 00:21:03', '2020-06-22 03:55:36', 'voyager.menus.index', null);
INSERT INTO realtimeapp.menu_items (id, menu_id, title, url, target, icon_class, color, parent_id, `order`, created_at, updated_at, route, parameters) VALUES (7, 1, 'Database', '', '_self', 'voyager-data', null, 5, 2, '2020-06-20 00:21:03', '2020-06-22 03:55:36', 'voyager.database.index', null);
INSERT INTO realtimeapp.menu_items (id, menu_id, title, url, target, icon_class, color, parent_id, `order`, created_at, updated_at, route, parameters) VALUES (8, 1, 'Compass', '', '_self', 'voyager-compass', null, 5, 3, '2020-06-20 00:21:03', '2020-06-22 03:55:36', 'voyager.compass.index', null);
INSERT INTO realtimeapp.menu_items (id, menu_id, title, url, target, icon_class, color, parent_id, `order`, created_at, updated_at, route, parameters) VALUES (9, 1, 'BREAD', '', '_self', 'voyager-bread', null, 5, 4, '2020-06-20 00:21:03', '2020-06-22 03:55:36', 'voyager.bread.index', null);
INSERT INTO realtimeapp.menu_items (id, menu_id, title, url, target, icon_class, color, parent_id, `order`, created_at, updated_at, route, parameters) VALUES (10, 1, 'Settings', '', '_self', 'voyager-settings', null, null, 12, '2020-06-20 00:21:03', '2020-06-22 19:36:39', 'voyager.settings.index', null);
INSERT INTO realtimeapp.menu_items (id, menu_id, title, url, target, icon_class, color, parent_id, `order`, created_at, updated_at, route, parameters) VALUES (11, 1, 'Hooks', '', '_self', 'voyager-hook', null, 5, 5, '2020-06-20 00:21:12', '2020-06-22 03:55:36', 'voyager.hooks', null);
INSERT INTO realtimeapp.menu_items (id, menu_id, title, url, target, icon_class, color, parent_id, `order`, created_at, updated_at, route, parameters) VALUES (12, 1, 'Balances', '', '_self', 'voyager-bar-chart', null, 14, 3, '2020-06-20 01:22:46', '2020-06-22 21:25:11', 'voyager.balances.index', null);
INSERT INTO realtimeapp.menu_items (id, menu_id, title, url, target, icon_class, color, parent_id, `order`, created_at, updated_at, route, parameters) VALUES (13, 1, 'Paises', '', '_self', 'voyager-home', '#000000', 18, 1, '2020-06-20 01:27:54', '2020-06-23 03:35:28', 'voyager.countries.index', 'null');
INSERT INTO realtimeapp.menu_items (id, menu_id, title, url, target, icon_class, color, parent_id, `order`, created_at, updated_at, route, parameters) VALUES (14, 1, 'Administracion de Personas', '', '_self', 'voyager-people', '#000000', null, 5, '2020-06-22 03:55:26', '2020-06-22 09:02:40', null, '');
INSERT INTO realtimeapp.menu_items (id, menu_id, title, url, target, icon_class, color, parent_id, `order`, created_at, updated_at, route, parameters) VALUES (15, 1, 'Administracion de Empresas', '', '_self', 'voyager-company', '#000000', null, 6, '2020-06-22 03:56:22', '2020-06-22 09:02:40', null, '');
INSERT INTO realtimeapp.menu_items (id, menu_id, title, url, target, icon_class, color, parent_id, `order`, created_at, updated_at, route, parameters) VALUES (16, 1, 'Gestion de Lotes', '', '_self', 'voyager-folder', '#000000', null, 7, '2020-06-22 03:57:02', '2020-06-22 09:02:40', null, '');
INSERT INTO realtimeapp.menu_items (id, menu_id, title, url, target, icon_class, color, parent_id, `order`, created_at, updated_at, route, parameters) VALUES (17, 1, 'Registro de Subastas', '', '_self', 'voyager-file-text', '#000000', null, 8, '2020-06-22 03:57:57', '2020-06-22 09:02:40', null, '');
INSERT INTO realtimeapp.menu_items (id, menu_id, title, url, target, icon_class, color, parent_id, `order`, created_at, updated_at, route, parameters) VALUES (18, 1, 'Gestion de Paises', '', '_self', 'voyager-anchor', '#000000', null, 9, '2020-06-22 04:01:12', '2020-06-22 09:02:40', null, '');
INSERT INTO realtimeapp.menu_items (id, menu_id, title, url, target, icon_class, color, parent_id, `order`, created_at, updated_at, route, parameters) VALUES (19, 1, 'Direcciones', '', '_self', 'voyager-paper-plane', null, 18, 5, '2020-06-22 04:21:26', '2020-06-22 21:25:31', 'voyager.direccion.index', null);
INSERT INTO realtimeapp.menu_items (id, menu_id, title, url, target, icon_class, color, parent_id, `order`, created_at, updated_at, route, parameters) VALUES (20, 1, 'Subastas', '', '_self', 'voyager-dollar', null, 17, 2, '2020-06-22 08:34:49', '2020-06-22 19:54:58', 'voyager.subasta.index', null);
INSERT INTO realtimeapp.menu_items (id, menu_id, title, url, target, icon_class, color, parent_id, `order`, created_at, updated_at, route, parameters) VALUES (21, 1, 'Auditorias de Sesiones', '', '_self', 'voyager-flashlight', null, null, 13, '2020-06-22 08:38:35', '2020-06-22 19:36:39', 'voyager.auditoria.index', null);
INSERT INTO realtimeapp.menu_items (id, menu_id, title, url, target, icon_class, color, parent_id, `order`, created_at, updated_at, route, parameters) VALUES (22, 1, 'Bancos', '', '_self', 'voyager-shop', null, 25, 4, '2020-06-22 08:41:56', '2020-06-22 21:26:01', 'voyager.banco.index', null);
INSERT INTO realtimeapp.menu_items (id, menu_id, title, url, target, icon_class, color, parent_id, `order`, created_at, updated_at, route, parameters) VALUES (23, 1, 'Marcas de Vehiculos', '', '_self', 'fa fa-user', '#000000', 25, 1, '2020-06-22 08:43:18', '2020-06-22 09:02:34', 'voyager.brands.index', 'null');
INSERT INTO realtimeapp.menu_items (id, menu_id, title, url, target, icon_class, color, parent_id, `order`, created_at, updated_at, route, parameters) VALUES (24, 1, 'Compañias', '', '_self', 'voyager-company', null, 15, 1, '2020-06-22 08:46:46', '2020-06-22 08:58:16', 'voyager.companies.index', null);
INSERT INTO realtimeapp.menu_items (id, menu_id, title, url, target, icon_class, color, parent_id, `order`, created_at, updated_at, route, parameters) VALUES (25, 1, 'Configuraciones Generales', '', '_self', 'fa fa-adjust', '#000000', null, 3, '2020-06-22 09:00:33', '2020-06-22 09:41:46', null, '');
INSERT INTO realtimeapp.menu_items (id, menu_id, title, url, target, icon_class, color, parent_id, `order`, created_at, updated_at, route, parameters) VALUES (27, 1, 'Departamento', '', '_self', null, null, 18, 2, '2020-06-22 09:46:47', '2020-06-23 03:35:21', 'voyager.departmentos.index', null);
INSERT INTO realtimeapp.menu_items (id, menu_id, title, url, target, icon_class, color, parent_id, `order`, created_at, updated_at, route, parameters) VALUES (28, 1, 'Distrito', '', '_self', null, null, 18, 4, '2020-06-22 09:49:13', '2020-06-22 21:25:31', 'voyager.distrito.index', null);
INSERT INTO realtimeapp.menu_items (id, menu_id, title, url, target, icon_class, color, parent_id, `order`, created_at, updated_at, route, parameters) VALUES (29, 1, 'Documentos', '', '_self', null, null, 25, 3, '2020-06-22 09:52:01', '2020-06-22 21:26:01', 'voyager.documento.index', null);
INSERT INTO realtimeapp.menu_items (id, menu_id, title, url, target, icon_class, color, parent_id, `order`, created_at, updated_at, route, parameters) VALUES (30, 1, 'Imagenes de Productos', '', '_self', null, null, 16, 3, '2020-06-22 09:54:09', '2020-06-22 21:26:01', 'voyager.imagenes-productos.index', null);
INSERT INTO realtimeapp.menu_items (id, menu_id, title, url, target, icon_class, color, parent_id, `order`, created_at, updated_at, route, parameters) VALUES (31, 1, 'Personas Juridicas', '', '_self', null, null, 14, 2, '2020-06-22 09:56:43', '2020-06-22 21:25:11', 'voyager.persona-juridica.index', null);
INSERT INTO realtimeapp.menu_items (id, menu_id, title, url, target, icon_class, color, parent_id, `order`, created_at, updated_at, route, parameters) VALUES (32, 1, 'Lotes', '', '_self', 'fa fa-briefcase', null, 17, 1, '2020-06-22 19:43:15', '2020-06-22 19:54:58', 'voyager.lote.index', null);
INSERT INTO realtimeapp.menu_items (id, menu_id, title, url, target, icon_class, color, parent_id, `order`, created_at, updated_at, route, parameters) VALUES (33, 1, 'Mensajes de Subastas', '', '_self', 'fa fa-comment-o', null, 17, 3, '2020-06-22 19:54:14', '2020-06-22 19:55:03', 'voyager.messages.index', null);
INSERT INTO realtimeapp.menu_items (id, menu_id, title, url, target, icon_class, color, parent_id, `order`, created_at, updated_at, route, parameters) VALUES (34, 1, 'Vehiculos', '', '_self', null, null, 16, 1, '2020-06-22 20:11:10', '2020-06-22 21:26:01', 'voyager.vehiculo.index', null);
INSERT INTO realtimeapp.menu_items (id, menu_id, title, url, target, icon_class, color, parent_id, `order`, created_at, updated_at, route, parameters) VALUES (35, 1, 'Modelos', '', '_self', null, null, 25, 2, '2020-06-22 20:16:38', '2020-06-22 21:26:01', 'voyager.modelo.index', null);
INSERT INTO realtimeapp.menu_items (id, menu_id, title, url, target, icon_class, color, parent_id, `order`, created_at, updated_at, route, parameters) VALUES (36, 1, 'Personas Naturales', '', '_self', null, null, 14, 1, '2020-06-22 20:33:01', '2020-06-22 21:25:10', 'voyager.persona-natural.index', null);
INSERT INTO realtimeapp.menu_items (id, menu_id, title, url, target, icon_class, color, parent_id, `order`, created_at, updated_at, route, parameters) VALUES (37, 1, 'Provincias', '', '_self', null, null, 18, 3, '2020-06-22 20:35:02', '2020-06-23 03:35:21', 'voyager.provincia.index', null);
INSERT INTO realtimeapp.menu_items (id, menu_id, title, url, target, icon_class, color, parent_id, `order`, created_at, updated_at, route, parameters) VALUES (38, 1, 'Almacenes', '', '_self', null, null, 15, 2, '2020-06-22 20:39:00', '2020-06-22 21:25:43', 'voyager.almacen.index', null);
INSERT INTO realtimeapp.menu_items (id, menu_id, title, url, target, icon_class, color, parent_id, `order`, created_at, updated_at, route, parameters) VALUES (39, 1, 'Detalles de Vehiculo', '', '_self', null, null, 16, 2, '2020-06-22 20:43:00', '2020-06-22 21:26:01', 'voyager.vehicle-details.index', null);
INSERT INTO realtimeapp.menu_items (id, menu_id, title, url, target, icon_class, color, parent_id, `order`, created_at, updated_at, route, parameters) VALUES (40, 1, 'Productos', '', '_self', null, null, null, 14, '2020-06-23 00:02:08', '2020-06-23 00:02:08', 'voyager.productos.index', null);
-- Menus
INSERT INTO realtimeapp.menus (id, name, created_at, updated_at) VALUES (1, 'admin', '2020-06-20 00:21:00', '2020-06-20 00:21:00');
-- mensajes
INSERT INTO realtimeapp.messages (id, producto_id, user_id, message, created_at, updated_at, deleted_at) VALUES (1, 1, 1, 'Hola mundo', '2020-06-19 03:46:04', null, null);
INSERT INTO realtimeapp.messages (id, producto_id, user_id, message, created_at, updated_at, deleted_at) VALUES (2, 1, 2, 'Adios Mundo', '2020-06-19 03:46:20', null, null);
-- modelos
INSERT INTO realtimeapp.models (id, marca_id, nombre, slug, created_at, updated_at, deleted_at) VALUES (1, 1, 'Yaris', null, '2020-06-23 06:36:12', '2020-06-23 06:36:12', null);
-- persona natural
INSERT INTO realtimeapp.people (id, user_id, documento_id, direccion_id, banco_id, nombres, apellidos, numero_documento, digito_documento, genero, estado_civil, cuenta_banco, b_day, telefono, email, dni_front, dni_back, created_at, updated_at, deleted_at) VALUES (1, 1, 1, 1, 1, 'Sidi Farid', 'Raoui Aguirre', '1234567', '8', 'Hombre', 'casado', '133-5544-5566-6589', '1988-10-12', '960717583', 'asesor.pedro@gmail.com', 'persona-natural\\June2020\\BE0RisRffDdDxrq6YvTA.jpg', 'persona-natural\\June2020\\L01xNFjr5dnlOeXbCcPN.jpg', '2020-06-23 06:40:41', '2020-06-23 06:40:41', null);
-- permisos_rol
INSERT INTO realtimeapp.permission_role (permission_id, role_id) VALUES (1, 1);
INSERT INTO realtimeapp.permission_role (permission_id, role_id) VALUES (2, 1);
INSERT INTO realtimeapp.permission_role (permission_id, role_id) VALUES (3, 1);
INSERT INTO realtimeapp.permission_role (permission_id, role_id) VALUES (4, 1);
INSERT INTO realtimeapp.permission_role (permission_id, role_id) VALUES (5, 1);
INSERT INTO realtimeapp.permission_role (permission_id, role_id) VALUES (6, 1);
INSERT INTO realtimeapp.permission_role (permission_id, role_id) VALUES (7, 1);
INSERT INTO realtimeapp.permission_role (permission_id, role_id) VALUES (8, 1);
INSERT INTO realtimeapp.permission_role (permission_id, role_id) VALUES (9, 1);
INSERT INTO realtimeapp.permission_role (permission_id, role_id) VALUES (10, 1);
INSERT INTO realtimeapp.permission_role (permission_id, role_id) VALUES (11, 1);
INSERT INTO realtimeapp.permission_role (permission_id, role_id) VALUES (12, 1);
INSERT INTO realtimeapp.permission_role (permission_id, role_id) VALUES (13, 1);
INSERT INTO realtimeapp.permission_role (permission_id, role_id) VALUES (14, 1);
INSERT INTO realtimeapp.permission_role (permission_id, role_id) VALUES (15, 1);
INSERT INTO realtimeapp.permission_role (permission_id, role_id) VALUES (16, 1);
INSERT INTO realtimeapp.permission_role (permission_id, role_id) VALUES (17, 1);
INSERT INTO realtimeapp.permission_role (permission_id, role_id) VALUES (18, 1);
INSERT INTO realtimeapp.permission_role (permission_id, role_id) VALUES (19, 1);
INSERT INTO realtimeapp.permission_role (permission_id, role_id) VALUES (20, 1);
INSERT INTO realtimeapp.permission_role (permission_id, role_id) VALUES (21, 1);
INSERT INTO realtimeapp.permission_role (permission_id, role_id) VALUES (22, 1);
INSERT INTO realtimeapp.permission_role (permission_id, role_id) VALUES (23, 1);
INSERT INTO realtimeapp.permission_role (permission_id, role_id) VALUES (24, 1);
INSERT INTO realtimeapp.permission_role (permission_id, role_id) VALUES (25, 1);
INSERT INTO realtimeapp.permission_role (permission_id, role_id) VALUES (26, 1);
INSERT INTO realtimeapp.permission_role (permission_id, role_id) VALUES (27, 1);
INSERT INTO realtimeapp.permission_role (permission_id, role_id) VALUES (28, 1);
INSERT INTO realtimeapp.permission_role (permission_id, role_id) VALUES (29, 1);
INSERT INTO realtimeapp.permission_role (permission_id, role_id) VALUES (30, 1);
INSERT INTO realtimeapp.permission_role (permission_id, role_id) VALUES (31, 1);
INSERT INTO realtimeapp.permission_role (permission_id, role_id) VALUES (32, 1);
INSERT INTO realtimeapp.permission_role (permission_id, role_id) VALUES (33, 1);
INSERT INTO realtimeapp.permission_role (permission_id, role_id) VALUES (34, 1);
INSERT INTO realtimeapp.permission_role (permission_id, role_id) VALUES (35, 1);
INSERT INTO realtimeapp.permission_role (permission_id, role_id) VALUES (36, 1);
INSERT INTO realtimeapp.permission_role (permission_id, role_id) VALUES (37, 1);
INSERT INTO realtimeapp.permission_role (permission_id, role_id) VALUES (38, 1);
INSERT INTO realtimeapp.permission_role (permission_id, role_id) VALUES (39, 1);
INSERT INTO realtimeapp.permission_role (permission_id, role_id) VALUES (40, 1);
INSERT INTO realtimeapp.permission_role (permission_id, role_id) VALUES (41, 1);
INSERT INTO realtimeapp.permission_role (permission_id, role_id) VALUES (42, 1);
INSERT INTO realtimeapp.permission_role (permission_id, role_id) VALUES (43, 1);
INSERT INTO realtimeapp.permission_role (permission_id, role_id) VALUES (44, 1);
INSERT INTO realtimeapp.permission_role (permission_id, role_id) VALUES (45, 1);
INSERT INTO realtimeapp.permission_role (permission_id, role_id) VALUES (46, 1);
INSERT INTO realtimeapp.permission_role (permission_id, role_id) VALUES (47, 1);
INSERT INTO realtimeapp.permission_role (permission_id, role_id) VALUES (48, 1);
INSERT INTO realtimeapp.permission_role (permission_id, role_id) VALUES (52, 1);
INSERT INTO realtimeapp.permission_role (permission_id, role_id) VALUES (53, 1);
INSERT INTO realtimeapp.permission_role (permission_id, role_id) VALUES (54, 1);
INSERT INTO realtimeapp.permission_role (permission_id, role_id) VALUES (55, 1);
INSERT INTO realtimeapp.permission_role (permission_id, role_id) VALUES (56, 1);
INSERT INTO realtimeapp.permission_role (permission_id, role_id) VALUES (57, 1);
INSERT INTO realtimeapp.permission_role (permission_id, role_id) VALUES (58, 1);
INSERT INTO realtimeapp.permission_role (permission_id, role_id) VALUES (59, 1);
INSERT INTO realtimeapp.permission_role (permission_id, role_id) VALUES (60, 1);
INSERT INTO realtimeapp.permission_role (permission_id, role_id) VALUES (61, 1);
INSERT INTO realtimeapp.permission_role (permission_id, role_id) VALUES (62, 1);
INSERT INTO realtimeapp.permission_role (permission_id, role_id) VALUES (63, 1);
INSERT INTO realtimeapp.permission_role (permission_id, role_id) VALUES (64, 1);
INSERT INTO realtimeapp.permission_role (permission_id, role_id) VALUES (65, 1);
INSERT INTO realtimeapp.permission_role (permission_id, role_id) VALUES (66, 1);
INSERT INTO realtimeapp.permission_role (permission_id, role_id) VALUES (67, 1);
INSERT INTO realtimeapp.permission_role (permission_id, role_id) VALUES (68, 1);
INSERT INTO realtimeapp.permission_role (permission_id, role_id) VALUES (69, 1);
INSERT INTO realtimeapp.permission_role (permission_id, role_id) VALUES (70, 1);
INSERT INTO realtimeapp.permission_role (permission_id, role_id) VALUES (71, 1);
INSERT INTO realtimeapp.permission_role (permission_id, role_id) VALUES (72, 1);
INSERT INTO realtimeapp.permission_role (permission_id, role_id) VALUES (73, 1);
INSERT INTO realtimeapp.permission_role (permission_id, role_id) VALUES (74, 1);
INSERT INTO realtimeapp.permission_role (permission_id, role_id) VALUES (75, 1);
INSERT INTO realtimeapp.permission_role (permission_id, role_id) VALUES (76, 1);
INSERT INTO realtimeapp.permission_role (permission_id, role_id) VALUES (77, 1);
INSERT INTO realtimeapp.permission_role (permission_id, role_id) VALUES (78, 1);
INSERT INTO realtimeapp.permission_role (permission_id, role_id) VALUES (79, 1);
INSERT INTO realtimeapp.permission_role (permission_id, role_id) VALUES (80, 1);
INSERT INTO realtimeapp.permission_role (permission_id, role_id) VALUES (81, 1);
INSERT INTO realtimeapp.permission_role (permission_id, role_id) VALUES (82, 1);
INSERT INTO realtimeapp.permission_role (permission_id, role_id) VALUES (83, 1);
INSERT INTO realtimeapp.permission_role (permission_id, role_id) VALUES (84, 1);
INSERT INTO realtimeapp.permission_role (permission_id, role_id) VALUES (85, 1);
INSERT INTO realtimeapp.permission_role (permission_id, role_id) VALUES (86, 1);
INSERT INTO realtimeapp.permission_role (permission_id, role_id) VALUES (87, 1);
INSERT INTO realtimeapp.permission_role (permission_id, role_id) VALUES (88, 1);
INSERT INTO realtimeapp.permission_role (permission_id, role_id) VALUES (89, 1);
INSERT INTO realtimeapp.permission_role (permission_id, role_id) VALUES (90, 1);
INSERT INTO realtimeapp.permission_role (permission_id, role_id) VALUES (91, 1);
INSERT INTO realtimeapp.permission_role (permission_id, role_id) VALUES (92, 1);
INSERT INTO realtimeapp.permission_role (permission_id, role_id) VALUES (93, 1);
INSERT INTO realtimeapp.permission_role (permission_id, role_id) VALUES (94, 1);
INSERT INTO realtimeapp.permission_role (permission_id, role_id) VALUES (95, 1);
INSERT INTO realtimeapp.permission_role (permission_id, role_id) VALUES (96, 1);
INSERT INTO realtimeapp.permission_role (permission_id, role_id) VALUES (97, 1);
INSERT INTO realtimeapp.permission_role (permission_id, role_id) VALUES (98, 1);
INSERT INTO realtimeapp.permission_role (permission_id, role_id) VALUES (99, 1);
INSERT INTO realtimeapp.permission_role (permission_id, role_id) VALUES (100, 1);
INSERT INTO realtimeapp.permission_role (permission_id, role_id) VALUES (101, 1);
INSERT INTO realtimeapp.permission_role (permission_id, role_id) VALUES (102, 1);
INSERT INTO realtimeapp.permission_role (permission_id, role_id) VALUES (103, 1);
INSERT INTO realtimeapp.permission_role (permission_id, role_id) VALUES (104, 1);
INSERT INTO realtimeapp.permission_role (permission_id, role_id) VALUES (105, 1);
INSERT INTO realtimeapp.permission_role (permission_id, role_id) VALUES (106, 1);
INSERT INTO realtimeapp.permission_role (permission_id, role_id) VALUES (107, 1);
INSERT INTO realtimeapp.permission_role (permission_id, role_id) VALUES (108, 1);
INSERT INTO realtimeapp.permission_role (permission_id, role_id) VALUES (109, 1);
INSERT INTO realtimeapp.permission_role (permission_id, role_id) VALUES (110, 1);
INSERT INTO realtimeapp.permission_role (permission_id, role_id) VALUES (111, 1);
INSERT INTO realtimeapp.permission_role (permission_id, role_id) VALUES (112, 1);
INSERT INTO realtimeapp.permission_role (permission_id, role_id) VALUES (113, 1);
INSERT INTO realtimeapp.permission_role (permission_id, role_id) VALUES (114, 1);
INSERT INTO realtimeapp.permission_role (permission_id, role_id) VALUES (115, 1);
INSERT INTO realtimeapp.permission_role (permission_id, role_id) VALUES (116, 1);
INSERT INTO realtimeapp.permission_role (permission_id, role_id) VALUES (117, 1);
INSERT INTO realtimeapp.permission_role (permission_id, role_id) VALUES (118, 1);
INSERT INTO realtimeapp.permission_role (permission_id, role_id) VALUES (119, 1);
INSERT INTO realtimeapp.permission_role (permission_id, role_id) VALUES (120, 1);
INSERT INTO realtimeapp.permission_role (permission_id, role_id) VALUES (121, 1);
INSERT INTO realtimeapp.permission_role (permission_id, role_id) VALUES (122, 1);
INSERT INTO realtimeapp.permission_role (permission_id, role_id) VALUES (123, 1);
INSERT INTO realtimeapp.permission_role (permission_id, role_id) VALUES (124, 1);
INSERT INTO realtimeapp.permission_role (permission_id, role_id) VALUES (125, 1);
INSERT INTO realtimeapp.permission_role (permission_id, role_id) VALUES (126, 1);
INSERT INTO realtimeapp.permission_role (permission_id, role_id) VALUES (127, 1);
INSERT INTO realtimeapp.permission_role (permission_id, role_id) VALUES (128, 1);
INSERT INTO realtimeapp.permission_role (permission_id, role_id) VALUES (129, 1);
INSERT INTO realtimeapp.permission_role (permission_id, role_id) VALUES (130, 1);
INSERT INTO realtimeapp.permission_role (permission_id, role_id) VALUES (131, 1);
INSERT INTO realtimeapp.permission_role (permission_id, role_id) VALUES (132, 1);
INSERT INTO realtimeapp.permission_role (permission_id, role_id) VALUES (133, 1);
INSERT INTO realtimeapp.permission_role (permission_id, role_id) VALUES (134, 1);
INSERT INTO realtimeapp.permission_role (permission_id, role_id) VALUES (135, 1);
INSERT INTO realtimeapp.permission_role (permission_id, role_id) VALUES (136, 1);
-- permisos
INSERT INTO realtimeapp.permissions (id, `key`, table_name, created_at, updated_at) VALUES (1, 'browse_admin', null, '2020-06-20 00:21:04', '2020-06-20 00:21:04');
INSERT INTO realtimeapp.permissions (id, `key`, table_name, created_at, updated_at) VALUES (2, 'browse_bread', null, '2020-06-20 00:21:04', '2020-06-20 00:21:04');
INSERT INTO realtimeapp.permissions (id, `key`, table_name, created_at, updated_at) VALUES (3, 'browse_database', null, '2020-06-20 00:21:04', '2020-06-20 00:21:04');
INSERT INTO realtimeapp.permissions (id, `key`, table_name, created_at, updated_at) VALUES (4, 'browse_media', null, '2020-06-20 00:21:04', '2020-06-20 00:21:04');
INSERT INTO realtimeapp.permissions (id, `key`, table_name, created_at, updated_at) VALUES (5, 'browse_compass', null, '2020-06-20 00:21:04', '2020-06-20 00:21:04');
INSERT INTO realtimeapp.permissions (id, `key`, table_name, created_at, updated_at) VALUES (6, 'browse_menus', 'menus', '2020-06-20 00:21:05', '2020-06-20 00:21:05');
INSERT INTO realtimeapp.permissions (id, `key`, table_name, created_at, updated_at) VALUES (7, 'read_menus', 'menus', '2020-06-20 00:21:05', '2020-06-20 00:21:05');
INSERT INTO realtimeapp.permissions (id, `key`, table_name, created_at, updated_at) VALUES (8, 'edit_menus', 'menus', '2020-06-20 00:21:05', '2020-06-20 00:21:05');
INSERT INTO realtimeapp.permissions (id, `key`, table_name, created_at, updated_at) VALUES (9, 'add_menus', 'menus', '2020-06-20 00:21:05', '2020-06-20 00:21:05');
INSERT INTO realtimeapp.permissions (id, `key`, table_name, created_at, updated_at) VALUES (10, 'delete_menus', 'menus', '2020-06-20 00:21:05', '2020-06-20 00:21:05');
INSERT INTO realtimeapp.permissions (id, `key`, table_name, created_at, updated_at) VALUES (11, 'browse_roles', 'roles', '2020-06-20 00:21:05', '2020-06-20 00:21:05');
INSERT INTO realtimeapp.permissions (id, `key`, table_name, created_at, updated_at) VALUES (12, 'read_roles', 'roles', '2020-06-20 00:21:05', '2020-06-20 00:21:05');
INSERT INTO realtimeapp.permissions (id, `key`, table_name, created_at, updated_at) VALUES (13, 'edit_roles', 'roles', '2020-06-20 00:21:05', '2020-06-20 00:21:05');
INSERT INTO realtimeapp.permissions (id, `key`, table_name, created_at, updated_at) VALUES (14, 'add_roles', 'roles', '2020-06-20 00:21:06', '2020-06-20 00:21:06');
INSERT INTO realtimeapp.permissions (id, `key`, table_name, created_at, updated_at) VALUES (15, 'delete_roles', 'roles', '2020-06-20 00:21:06', '2020-06-20 00:21:06');
INSERT INTO realtimeapp.permissions (id, `key`, table_name, created_at, updated_at) VALUES (16, 'browse_users', 'users', '2020-06-20 00:21:06', '2020-06-20 00:21:06');
INSERT INTO realtimeapp.permissions (id, `key`, table_name, created_at, updated_at) VALUES (17, 'read_users', 'users', '2020-06-20 00:21:06', '2020-06-20 00:21:06');
INSERT INTO realtimeapp.permissions (id, `key`, table_name, created_at, updated_at) VALUES (18, 'edit_users', 'users', '2020-06-20 00:21:06', '2020-06-20 00:21:06');
INSERT INTO realtimeapp.permissions (id, `key`, table_name, created_at, updated_at) VALUES (19, 'add_users', 'users', '2020-06-20 00:21:06', '2020-06-20 00:21:06');
INSERT INTO realtimeapp.permissions (id, `key`, table_name, created_at, updated_at) VALUES (20, 'delete_users', 'users', '2020-06-20 00:21:06', '2020-06-20 00:21:06');
INSERT INTO realtimeapp.permissions (id, `key`, table_name, created_at, updated_at) VALUES (21, 'browse_settings', 'settings', '2020-06-20 00:21:06', '2020-06-20 00:21:06');
INSERT INTO realtimeapp.permissions (id, `key`, table_name, created_at, updated_at) VALUES (22, 'read_settings', 'settings', '2020-06-20 00:21:07', '2020-06-20 00:21:07');
INSERT INTO realtimeapp.permissions (id, `key`, table_name, created_at, updated_at) VALUES (23, 'edit_settings', 'settings', '2020-06-20 00:21:07', '2020-06-20 00:21:07');
INSERT INTO realtimeapp.permissions (id, `key`, table_name, created_at, updated_at) VALUES (24, 'add_settings', 'settings', '2020-06-20 00:21:07', '2020-06-20 00:21:07');
INSERT INTO realtimeapp.permissions (id, `key`, table_name, created_at, updated_at) VALUES (25, 'delete_settings', 'settings', '2020-06-20 00:21:07', '2020-06-20 00:21:07');
INSERT INTO realtimeapp.permissions (id, `key`, table_name, created_at, updated_at) VALUES (26, 'browse_hooks', null, '2020-06-20 00:21:12', '2020-06-20 00:21:12');
INSERT INTO realtimeapp.permissions (id, `key`, table_name, created_at, updated_at) VALUES (27, 'browse_balances', 'balances', '2020-06-20 01:22:45', '2020-06-20 01:22:45');
INSERT INTO realtimeapp.permissions (id, `key`, table_name, created_at, updated_at) VALUES (28, 'read_balances', 'balances', '2020-06-20 01:22:45', '2020-06-20 01:22:45');
INSERT INTO realtimeapp.permissions (id, `key`, table_name, created_at, updated_at) VALUES (29, 'edit_balances', 'balances', '2020-06-20 01:22:45', '2020-06-20 01:22:45');
INSERT INTO realtimeapp.permissions (id, `key`, table_name, created_at, updated_at) VALUES (30, 'add_balances', 'balances', '2020-06-20 01:22:45', '2020-06-20 01:22:45');
INSERT INTO realtimeapp.permissions (id, `key`, table_name, created_at, updated_at) VALUES (31, 'delete_balances', 'balances', '2020-06-20 01:22:45', '2020-06-20 01:22:45');
INSERT INTO realtimeapp.permissions (id, `key`, table_name, created_at, updated_at) VALUES (32, 'browse_countries', 'countries', '2020-06-20 01:27:53', '2020-06-20 01:27:53');
INSERT INTO realtimeapp.permissions (id, `key`, table_name, created_at, updated_at) VALUES (33, 'read_countries', 'countries', '2020-06-20 01:27:53', '2020-06-20 01:27:53');
INSERT INTO realtimeapp.permissions (id, `key`, table_name, created_at, updated_at) VALUES (34, 'edit_countries', 'countries', '2020-06-20 01:27:53', '2020-06-20 01:27:53');
INSERT INTO realtimeapp.permissions (id, `key`, table_name, created_at, updated_at) VALUES (35, 'add_countries', 'countries', '2020-06-20 01:27:53', '2020-06-20 01:27:53');
INSERT INTO realtimeapp.permissions (id, `key`, table_name, created_at, updated_at) VALUES (36, 'delete_countries', 'countries', '2020-06-20 01:27:53', '2020-06-20 01:27:53');
INSERT INTO realtimeapp.permissions (id, `key`, table_name, created_at, updated_at) VALUES (37, 'browse_addresses', 'addresses', '2020-06-22 04:21:26', '2020-06-22 04:21:26');
INSERT INTO realtimeapp.permissions (id, `key`, table_name, created_at, updated_at) VALUES (38, 'read_addresses', 'addresses', '2020-06-22 04:21:26', '2020-06-22 04:21:26');
INSERT INTO realtimeapp.permissions (id, `key`, table_name, created_at, updated_at) VALUES (39, 'edit_addresses', 'addresses', '2020-06-22 04:21:26', '2020-06-22 04:21:26');
INSERT INTO realtimeapp.permissions (id, `key`, table_name, created_at, updated_at) VALUES (40, 'add_addresses', 'addresses', '2020-06-22 04:21:26', '2020-06-22 04:21:26');
INSERT INTO realtimeapp.permissions (id, `key`, table_name, created_at, updated_at) VALUES (41, 'delete_addresses', 'addresses', '2020-06-22 04:21:26', '2020-06-22 04:21:26');
INSERT INTO realtimeapp.permissions (id, `key`, table_name, created_at, updated_at) VALUES (42, 'browse_auctions', 'auctions', '2020-06-22 08:34:49', '2020-06-22 08:34:49');
INSERT INTO realtimeapp.permissions (id, `key`, table_name, created_at, updated_at) VALUES (43, 'read_auctions', 'auctions', '2020-06-22 08:34:49', '2020-06-22 08:34:49');
INSERT INTO realtimeapp.permissions (id, `key`, table_name, created_at, updated_at) VALUES (44, 'edit_auctions', 'auctions', '2020-06-22 08:34:49', '2020-06-22 08:34:49');
INSERT INTO realtimeapp.permissions (id, `key`, table_name, created_at, updated_at) VALUES (45, 'add_auctions', 'auctions', '2020-06-22 08:34:49', '2020-06-22 08:34:49');
INSERT INTO realtimeapp.permissions (id, `key`, table_name, created_at, updated_at) VALUES (46, 'delete_auctions', 'auctions', '2020-06-22 08:34:49', '2020-06-22 08:34:49');
INSERT INTO realtimeapp.permissions (id, `key`, table_name, created_at, updated_at) VALUES (47, 'browse_audits', 'audits', '2020-06-22 08:38:35', '2020-06-22 08:38:35');
INSERT INTO realtimeapp.permissions (id, `key`, table_name, created_at, updated_at) VALUES (48, 'read_audits', 'audits', '2020-06-22 08:38:35', '2020-06-22 08:38:35');
INSERT INTO realtimeapp.permissions (id, `key`, table_name, created_at, updated_at) VALUES (49, 'edit_audits', 'audits', '2020-06-22 08:38:35', '2020-06-22 08:38:35');
INSERT INTO realtimeapp.permissions (id, `key`, table_name, created_at, updated_at) VALUES (50, 'add_audits', 'audits', '2020-06-22 08:38:35', '2020-06-22 08:38:35');
INSERT INTO realtimeapp.permissions (id, `key`, table_name, created_at, updated_at) VALUES (51, 'delete_audits', 'audits', '2020-06-22 08:38:35', '2020-06-22 08:38:35');
INSERT INTO realtimeapp.permissions (id, `key`, table_name, created_at, updated_at) VALUES (52, 'browse_banks', 'banks', '2020-06-22 08:41:56', '2020-06-22 08:41:56');
INSERT INTO realtimeapp.permissions (id, `key`, table_name, created_at, updated_at) VALUES (53, 'read_banks', 'banks', '2020-06-22 08:41:56', '2020-06-22 08:41:56');
INSERT INTO realtimeapp.permissions (id, `key`, table_name, created_at, updated_at) VALUES (54, 'edit_banks', 'banks', '2020-06-22 08:41:56', '2020-06-22 08:41:56');
INSERT INTO realtimeapp.permissions (id, `key`, table_name, created_at, updated_at) VALUES (55, 'add_banks', 'banks', '2020-06-22 08:41:56', '2020-06-22 08:41:56');
INSERT INTO realtimeapp.permissions (id, `key`, table_name, created_at, updated_at) VALUES (56, 'delete_banks', 'banks', '2020-06-22 08:41:56', '2020-06-22 08:41:56');
INSERT INTO realtimeapp.permissions (id, `key`, table_name, created_at, updated_at) VALUES (57, 'browse_brands', 'brands', '2020-06-22 08:43:18', '2020-06-22 08:43:18');
INSERT INTO realtimeapp.permissions (id, `key`, table_name, created_at, updated_at) VALUES (58, 'read_brands', 'brands', '2020-06-22 08:43:18', '2020-06-22 08:43:18');
INSERT INTO realtimeapp.permissions (id, `key`, table_name, created_at, updated_at) VALUES (59, 'edit_brands', 'brands', '2020-06-22 08:43:18', '2020-06-22 08:43:18');
INSERT INTO realtimeapp.permissions (id, `key`, table_name, created_at, updated_at) VALUES (60, 'add_brands', 'brands', '2020-06-22 08:43:18', '2020-06-22 08:43:18');
INSERT INTO realtimeapp.permissions (id, `key`, table_name, created_at, updated_at) VALUES (61, 'delete_brands', 'brands', '2020-06-22 08:43:18', '2020-06-22 08:43:18');
INSERT INTO realtimeapp.permissions (id, `key`, table_name, created_at, updated_at) VALUES (62, 'browse_companies', 'companies', '2020-06-22 08:46:45', '2020-06-22 08:46:45');
INSERT INTO realtimeapp.permissions (id, `key`, table_name, created_at, updated_at) VALUES (63, 'read_companies', 'companies', '2020-06-22 08:46:45', '2020-06-22 08:46:45');
INSERT INTO realtimeapp.permissions (id, `key`, table_name, created_at, updated_at) VALUES (64, 'edit_companies', 'companies', '2020-06-22 08:46:45', '2020-06-22 08:46:45');
INSERT INTO realtimeapp.permissions (id, `key`, table_name, created_at, updated_at) VALUES (65, 'add_companies', 'companies', '2020-06-22 08:46:45', '2020-06-22 08:46:45');
INSERT INTO realtimeapp.permissions (id, `key`, table_name, created_at, updated_at) VALUES (66, 'delete_companies', 'companies', '2020-06-22 08:46:46', '2020-06-22 08:46:46');
INSERT INTO realtimeapp.permissions (id, `key`, table_name, created_at, updated_at) VALUES (67, 'browse_departments', 'departments', '2020-06-22 09:46:47', '2020-06-22 09:46:47');
INSERT INTO realtimeapp.permissions (id, `key`, table_name, created_at, updated_at) VALUES (68, 'read_departments', 'departments', '2020-06-22 09:46:47', '2020-06-22 09:46:47');
INSERT INTO realtimeapp.permissions (id, `key`, table_name, created_at, updated_at) VALUES (69, 'edit_departments', 'departments', '2020-06-22 09:46:47', '2020-06-22 09:46:47');
INSERT INTO realtimeapp.permissions (id, `key`, table_name, created_at, updated_at) VALUES (70, 'add_departments', 'departments', '2020-06-22 09:46:47', '2020-06-22 09:46:47');
INSERT INTO realtimeapp.permissions (id, `key`, table_name, created_at, updated_at) VALUES (71, 'delete_departments', 'departments', '2020-06-22 09:46:47', '2020-06-22 09:46:47');
INSERT INTO realtimeapp.permissions (id, `key`, table_name, created_at, updated_at) VALUES (72, 'browse_districts', 'districts', '2020-06-22 09:49:13', '2020-06-22 09:49:13');
INSERT INTO realtimeapp.permissions (id, `key`, table_name, created_at, updated_at) VALUES (73, 'read_districts', 'districts', '2020-06-22 09:49:13', '2020-06-22 09:49:13');
INSERT INTO realtimeapp.permissions (id, `key`, table_name, created_at, updated_at) VALUES (74, 'edit_districts', 'districts', '2020-06-22 09:49:13', '2020-06-22 09:49:13');
INSERT INTO realtimeapp.permissions (id, `key`, table_name, created_at, updated_at) VALUES (75, 'add_districts', 'districts', '2020-06-22 09:49:13', '2020-06-22 09:49:13');
INSERT INTO realtimeapp.permissions (id, `key`, table_name, created_at, updated_at) VALUES (76, 'delete_districts', 'districts', '2020-06-22 09:49:13', '2020-06-22 09:49:13');
INSERT INTO realtimeapp.permissions (id, `key`, table_name, created_at, updated_at) VALUES (77, 'browse_documents', 'documents', '2020-06-22 09:52:01', '2020-06-22 09:52:01');
INSERT INTO realtimeapp.permissions (id, `key`, table_name, created_at, updated_at) VALUES (78, 'read_documents', 'documents', '2020-06-22 09:52:01', '2020-06-22 09:52:01');
INSERT INTO realtimeapp.permissions (id, `key`, table_name, created_at, updated_at) VALUES (79, 'edit_documents', 'documents', '2020-06-22 09:52:01', '2020-06-22 09:52:01');
INSERT INTO realtimeapp.permissions (id, `key`, table_name, created_at, updated_at) VALUES (80, 'add_documents', 'documents', '2020-06-22 09:52:01', '2020-06-22 09:52:01');
INSERT INTO realtimeapp.permissions (id, `key`, table_name, created_at, updated_at) VALUES (81, 'delete_documents', 'documents', '2020-06-22 09:52:01', '2020-06-22 09:52:01');
INSERT INTO realtimeapp.permissions (id, `key`, table_name, created_at, updated_at) VALUES (82, 'browse_imagenes_vehiculos', 'imagenes_vehiculos', '2020-06-22 09:54:09', '2020-06-22 09:54:09');
INSERT INTO realtimeapp.permissions (id, `key`, table_name, created_at, updated_at) VALUES (83, 'read_imagenes_vehiculos', 'imagenes_vehiculos', '2020-06-22 09:54:09', '2020-06-22 09:54:09');
INSERT INTO realtimeapp.permissions (id, `key`, table_name, created_at, updated_at) VALUES (84, 'edit_imagenes_vehiculos', 'imagenes_vehiculos', '2020-06-22 09:54:09', '2020-06-22 09:54:09');
INSERT INTO realtimeapp.permissions (id, `key`, table_name, created_at, updated_at) VALUES (85, 'add_imagenes_vehiculos', 'imagenes_vehiculos', '2020-06-22 09:54:09', '2020-06-22 09:54:09');
INSERT INTO realtimeapp.permissions (id, `key`, table_name, created_at, updated_at) VALUES (86, 'delete_imagenes_vehiculos', 'imagenes_vehiculos', '2020-06-22 09:54:09', '2020-06-22 09:54:09');
INSERT INTO realtimeapp.permissions (id, `key`, table_name, created_at, updated_at) VALUES (87, 'browse_legal_persons', 'legal_persons', '2020-06-22 09:56:42', '2020-06-22 09:56:42');
INSERT INTO realtimeapp.permissions (id, `key`, table_name, created_at, updated_at) VALUES (88, 'read_legal_persons', 'legal_persons', '2020-06-22 09:56:42', '2020-06-22 09:56:42');
INSERT INTO realtimeapp.permissions (id, `key`, table_name, created_at, updated_at) VALUES (89, 'edit_legal_persons', 'legal_persons', '2020-06-22 09:56:42', '2020-06-22 09:56:42');
INSERT INTO realtimeapp.permissions (id, `key`, table_name, created_at, updated_at) VALUES (90, 'add_legal_persons', 'legal_persons', '2020-06-22 09:56:42', '2020-06-22 09:56:42');
INSERT INTO realtimeapp.permissions (id, `key`, table_name, created_at, updated_at) VALUES (91, 'delete_legal_persons', 'legal_persons', '2020-06-22 09:56:42', '2020-06-22 09:56:42');
INSERT INTO realtimeapp.permissions (id, `key`, table_name, created_at, updated_at) VALUES (92, 'browse_lots', 'lots', '2020-06-22 19:43:15', '2020-06-22 19:43:15');
INSERT INTO realtimeapp.permissions (id, `key`, table_name, created_at, updated_at) VALUES (93, 'read_lots', 'lots', '2020-06-22 19:43:15', '2020-06-22 19:43:15');
INSERT INTO realtimeapp.permissions (id, `key`, table_name, created_at, updated_at) VALUES (94, 'edit_lots', 'lots', '2020-06-22 19:43:15', '2020-06-22 19:43:15');
INSERT INTO realtimeapp.permissions (id, `key`, table_name, created_at, updated_at) VALUES (95, 'add_lots', 'lots', '2020-06-22 19:43:15', '2020-06-22 19:43:15');
INSERT INTO realtimeapp.permissions (id, `key`, table_name, created_at, updated_at) VALUES (96, 'delete_lots', 'lots', '2020-06-22 19:43:15', '2020-06-22 19:43:15');
INSERT INTO realtimeapp.permissions (id, `key`, table_name, created_at, updated_at) VALUES (97, 'browse_messages', 'messages', '2020-06-22 19:54:13', '2020-06-22 19:54:13');
INSERT INTO realtimeapp.permissions (id, `key`, table_name, created_at, updated_at) VALUES (98, 'read_messages', 'messages', '2020-06-22 19:54:13', '2020-06-22 19:54:13');
INSERT INTO realtimeapp.permissions (id, `key`, table_name, created_at, updated_at) VALUES (99, 'edit_messages', 'messages', '2020-06-22 19:54:13', '2020-06-22 19:54:13');
INSERT INTO realtimeapp.permissions (id, `key`, table_name, created_at, updated_at) VALUES (100, 'add_messages', 'messages', '2020-06-22 19:54:13', '2020-06-22 19:54:13');
INSERT INTO realtimeapp.permissions (id, `key`, table_name, created_at, updated_at) VALUES (101, 'delete_messages', 'messages', '2020-06-22 19:54:13', '2020-06-22 19:54:13');
INSERT INTO realtimeapp.permissions (id, `key`, table_name, created_at, updated_at) VALUES (102, 'browse_vehicles', 'vehicles', '2020-06-22 20:11:10', '2020-06-22 20:11:10');
INSERT INTO realtimeapp.permissions (id, `key`, table_name, created_at, updated_at) VALUES (103, 'read_vehicles', 'vehicles', '2020-06-22 20:11:10', '2020-06-22 20:11:10');
INSERT INTO realtimeapp.permissions (id, `key`, table_name, created_at, updated_at) VALUES (104, 'edit_vehicles', 'vehicles', '2020-06-22 20:11:10', '2020-06-22 20:11:10');
INSERT INTO realtimeapp.permissions (id, `key`, table_name, created_at, updated_at) VALUES (105, 'add_vehicles', 'vehicles', '2020-06-22 20:11:10', '2020-06-22 20:11:10');
INSERT INTO realtimeapp.permissions (id, `key`, table_name, created_at, updated_at) VALUES (106, 'delete_vehicles', 'vehicles', '2020-06-22 20:11:10', '2020-06-22 20:11:10');
INSERT INTO realtimeapp.permissions (id, `key`, table_name, created_at, updated_at) VALUES (107, 'browse_models', 'models', '2020-06-22 20:16:38', '2020-06-22 20:16:38');
INSERT INTO realtimeapp.permissions (id, `key`, table_name, created_at, updated_at) VALUES (108, 'read_models', 'models', '2020-06-22 20:16:38', '2020-06-22 20:16:38');
INSERT INTO realtimeapp.permissions (id, `key`, table_name, created_at, updated_at) VALUES (109, 'edit_models', 'models', '2020-06-22 20:16:38', '2020-06-22 20:16:38');
INSERT INTO realtimeapp.permissions (id, `key`, table_name, created_at, updated_at) VALUES (110, 'add_models', 'models', '2020-06-22 20:16:38', '2020-06-22 20:16:38');
INSERT INTO realtimeapp.permissions (id, `key`, table_name, created_at, updated_at) VALUES (111, 'delete_models', 'models', '2020-06-22 20:16:38', '2020-06-22 20:16:38');
INSERT INTO realtimeapp.permissions (id, `key`, table_name, created_at, updated_at) VALUES (112, 'browse_people', 'people', '2020-06-22 20:33:01', '2020-06-22 20:33:01');
INSERT INTO realtimeapp.permissions (id, `key`, table_name, created_at, updated_at) VALUES (113, 'read_people', 'people', '2020-06-22 20:33:01', '2020-06-22 20:33:01');
INSERT INTO realtimeapp.permissions (id, `key`, table_name, created_at, updated_at) VALUES (114, 'edit_people', 'people', '2020-06-22 20:33:01', '2020-06-22 20:33:01');
INSERT INTO realtimeapp.permissions (id, `key`, table_name, created_at, updated_at) VALUES (115, 'add_people', 'people', '2020-06-22 20:33:01', '2020-06-22 20:33:01');
INSERT INTO realtimeapp.permissions (id, `key`, table_name, created_at, updated_at) VALUES (116, 'delete_people', 'people', '2020-06-22 20:33:01', '2020-06-22 20:33:01');
INSERT INTO realtimeapp.permissions (id, `key`, table_name, created_at, updated_at) VALUES (117, 'browse_provinces', 'provinces', '2020-06-22 20:35:02', '2020-06-22 20:35:02');
INSERT INTO realtimeapp.permissions (id, `key`, table_name, created_at, updated_at) VALUES (118, 'read_provinces', 'provinces', '2020-06-22 20:35:02', '2020-06-22 20:35:02');
INSERT INTO realtimeapp.permissions (id, `key`, table_name, created_at, updated_at) VALUES (119, 'edit_provinces', 'provinces', '2020-06-22 20:35:02', '2020-06-22 20:35:02');
INSERT INTO realtimeapp.permissions (id, `key`, table_name, created_at, updated_at) VALUES (120, 'add_provinces', 'provinces', '2020-06-22 20:35:02', '2020-06-22 20:35:02');
INSERT INTO realtimeapp.permissions (id, `key`, table_name, created_at, updated_at) VALUES (121, 'delete_provinces', 'provinces', '2020-06-22 20:35:02', '2020-06-22 20:35:02');
INSERT INTO realtimeapp.permissions (id, `key`, table_name, created_at, updated_at) VALUES (122, 'browse_warehouses', 'warehouses', '2020-06-22 20:39:00', '2020-06-22 20:39:00');
INSERT INTO realtimeapp.permissions (id, `key`, table_name, created_at, updated_at) VALUES (123, 'read_warehouses', 'warehouses', '2020-06-22 20:39:00', '2020-06-22 20:39:00');
INSERT INTO realtimeapp.permissions (id, `key`, table_name, created_at, updated_at) VALUES (124, 'edit_warehouses', 'warehouses', '2020-06-22 20:39:00', '2020-06-22 20:39:00');
INSERT INTO realtimeapp.permissions (id, `key`, table_name, created_at, updated_at) VALUES (125, 'add_warehouses', 'warehouses', '2020-06-22 20:39:00', '2020-06-22 20:39:00');
INSERT INTO realtimeapp.permissions (id, `key`, table_name, created_at, updated_at) VALUES (126, 'delete_warehouses', 'warehouses', '2020-06-22 20:39:00', '2020-06-22 20:39:00');
INSERT INTO realtimeapp.permissions (id, `key`, table_name, created_at, updated_at) VALUES (127, 'browse_vehicle_details', 'vehicle_details', '2020-06-22 20:43:00', '2020-06-22 20:43:00');
INSERT INTO realtimeapp.permissions (id, `key`, table_name, created_at, updated_at) VALUES (128, 'read_vehicle_details', 'vehicle_details', '2020-06-22 20:43:00', '2020-06-22 20:43:00');
INSERT INTO realtimeapp.permissions (id, `key`, table_name, created_at, updated_at) VALUES (129, 'edit_vehicle_details', 'vehicle_details', '2020-06-22 20:43:00', '2020-06-22 20:43:00');
INSERT INTO realtimeapp.permissions (id, `key`, table_name, created_at, updated_at) VALUES (130, 'add_vehicle_details', 'vehicle_details', '2020-06-22 20:43:00', '2020-06-22 20:43:00');
INSERT INTO realtimeapp.permissions (id, `key`, table_name, created_at, updated_at) VALUES (131, 'delete_vehicle_details', 'vehicle_details', '2020-06-22 20:43:00', '2020-06-22 20:43:00');
INSERT INTO realtimeapp.permissions (id, `key`, table_name, created_at, updated_at) VALUES (132, 'browse_productos', 'productos', '2020-06-23 00:02:08', '2020-06-23 00:02:08');
INSERT INTO realtimeapp.permissions (id, `key`, table_name, created_at, updated_at) VALUES (133, 'read_productos', 'productos', '2020-06-23 00:02:08', '2020-06-23 00:02:08');
INSERT INTO realtimeapp.permissions (id, `key`, table_name, created_at, updated_at) VALUES (134, 'edit_productos', 'productos', '2020-06-23 00:02:08', '2020-06-23 00:02:08');
INSERT INTO realtimeapp.permissions (id, `key`, table_name, created_at, updated_at) VALUES (135, 'add_productos', 'productos', '2020-06-23 00:02:08', '2020-06-23 00:02:08');
INSERT INTO realtimeapp.permissions (id, `key`, table_name, created_at, updated_at) VALUES (136, 'delete_productos', 'productos', '2020-06-23 00:02:08', '2020-06-23 00:02:08');
-- productos
INSERT INTO realtimeapp.productos (id, user_id, lote_id, producto, precio, precio_reserva, garantia, puja, comision, started_at, finalized_at, created_at, updated_at, deleted_at) VALUES (1, 1, 0, 'Producto a subasta de la BD', '1300', '3000', '1000', '100', '5%', '2020-06-23 15:55:00', '2020-06-23 16:05:00', '2020-06-15 06:28:23', '2020-06-19 14:22:09', null);
INSERT INTO realtimeapp.productos (id, user_id, lote_id, producto, precio, precio_reserva, garantia, puja, comision, started_at, finalized_at, created_at, updated_at, deleted_at) VALUES (2, null, 0, 'Producto 2 de la BD', '1100', '3000', '1000', '100', '5%', '2020-06-23 15:55:00', '2020-06-23 16:05:00', '2020-06-18 06:18:23', null, null);
INSERT INTO realtimeapp.productos (id, user_id, lote_id, producto, precio, precio_reserva, garantia, puja, comision, started_at, finalized_at, created_at, updated_at, deleted_at) VALUES (3, null, 0, 'Producto 3 de la BD', '900', '3000', '1000', '100', '5%',  '2020-06-23 15:55:00', '2020-06-23 16:05:00', '2020-06-18 06:18:42', null, null);
INSERT INTO realtimeapp.productos (id, user_id, lote_id, producto, precio, precio_reserva, garantia, puja, comision, started_at, finalized_at, created_at, updated_at, deleted_at) VALUES (4, null, 0, 'Producto 4 de la BD', '1250', '3000', '1000', '100', '5%', '2020-06-23 15:55:00', '2020-06-23 16:05:00', '2020-06-18 06:18:59', null, null);
INSERT INTO realtimeapp.productos (id, user_id, lote_id, producto, precio, precio_reserva, garantia, puja, comision, started_at, finalized_at, created_at, updated_at, deleted_at) VALUES (5, null, 0, 'Producto 5', '3000', '3000', '1000', '100', '5%', '2020-06-23 15:55:00', '2020-06-23 16:05:00', '2020-06-18 06:19:13', null, null);
INSERT INTO realtimeapp.productos (id, user_id, lote_id, producto, precio, precio_reserva, garantia, puja, comision, started_at, finalized_at, created_at, updated_at, deleted_at) VALUES (6, null, 0, 'Producto 6', '3500', '3000', '1000', '100', '5%', '2020-06-23 15:55:00', '2020-06-23 16:05:00', '2020-06-18 06:19:25', null, null);
-- provincias
INSERT INTO realtimeapp.provinces (id, pais_id, departamento_id, nombre, codigo, created_at, updated_at, deleted_at) VALUES (1, 1, 1, 'Lima', 'LIM', '2020-06-23 04:16:20', '2020-06-23 04:16:20', null);
-- roles
INSERT INTO realtimeapp.roles (id, name, display_name, created_at, updated_at) VALUES (1, 'admin', 'Administrator', '2020-06-20 00:21:04', '2020-06-20 00:21:04');
INSERT INTO realtimeapp.roles (id, name, display_name, created_at, updated_at) VALUES (2, 'user', 'Normal User', '2020-06-20 00:21:04', '2020-06-20 00:21:04');
-- configuraciones
INSERT INTO realtimeapp.settings (id, `key`, display_name, value, details, type, `order`, `group`) VALUES (1, 'site.title', 'Site Title', 'Site Title', '', 'text', 1, 'Site');
INSERT INTO realtimeapp.settings (id, `key`, display_name, value, details, type, `order`, `group`) VALUES (2, 'site.description', 'Site Description', 'Site Description', '', 'text', 2, 'Site');
INSERT INTO realtimeapp.settings (id, `key`, display_name, value, details, type, `order`, `group`) VALUES (3, 'site.logo', 'Site Logo', '', '', 'image', 3, 'Site');
INSERT INTO realtimeapp.settings (id, `key`, display_name, value, details, type, `order`, `group`) VALUES (4, 'site.google_analytics_tracking_id', 'Google Analytics Tracking ID', '', '', 'text', 4, 'Site');
INSERT INTO realtimeapp.settings (id, `key`, display_name, value, details, type, `order`, `group`) VALUES (5, 'admin.bg_image', 'Admin Background Image', '', '', 'image', 5, 'Admin');
INSERT INTO realtimeapp.settings (id, `key`, display_name, value, details, type, `order`, `group`) VALUES (6, 'admin.title', 'Admin Title', 'Voyager', '', 'text', 1, 'Admin');
INSERT INTO realtimeapp.settings (id, `key`, display_name, value, details, type, `order`, `group`) VALUES (7, 'admin.description', 'Admin Description', 'Welcome to Voyager. The Missing Admin for Laravel', '', 'text', 2, 'Admin');
INSERT INTO realtimeapp.settings (id, `key`, display_name, value, details, type, `order`, `group`) VALUES (8, 'admin.loader', 'Admin Loader', '', '', 'image', 3, 'Admin');
INSERT INTO realtimeapp.settings (id, `key`, display_name, value, details, type, `order`, `group`) VALUES (9, 'admin.icon_image', 'Admin Icon Image', '', '', 'image', 4, 'Admin');
INSERT INTO realtimeapp.settings (id, `key`, display_name, value, details, type, `order`, `group`) VALUES (10, 'admin.google_analytics_client_id', 'Google Analytics Client ID (used for admin dashboard)', '', '', 'text', 1, 'Admin');
-- usuarios
INSERT INTO realtimeapp.users (id, role_id, name, email, avatar, email_verified_at, password, remember_token, settings, created_at, updated_at, deleted_at) VALUES (1, 1, 'Pedro', 'asesor.pedro@gmail.com', 'users/default.png', null, '$2y$10$kgO15jUBkzYxXBAq36ETFOfyacBKOqsbVQUOAwEa1thGO6yQInh4W', 'JdfF3bUvxhjiSUb3AHGAGGlOayqQVzZllIOr82H3X7YqMROxOI30UDhOV0gY', '{"locale":"es"}', '2020-06-15 11:25:06', '2020-06-20 00:28:22', null);
INSERT INTO realtimeapp.users (id, role_id, name, email, avatar, email_verified_at, password, remember_token, settings, created_at, updated_at, deleted_at) VALUES (2, 2, 'test 1 cromme', 'test1@test.com', 'users/default.png', null, '$2y$10$VwRiNnHmSw3f0ymiTvYDruJnP/B5JsovfdWb.B5B3aJkC.So6ahw2', null, null, '2020-06-15 11:25:58', '2020-06-15 11:25:58', null);
INSERT INTO realtimeapp.users (id, role_id, name, email, avatar, email_verified_at, password, remember_token, settings, created_at, updated_at, deleted_at) VALUES (3, 2, 'test 2 Firefox', 'test@test.com', 'users/default.png', null, '$2y$10$vRkIxtirxVW8tgzHRA0RleFQPbgyBywhACAjW7vFQTYR2pZ80BtCy', null, null, '2020-06-15 11:26:34', '2020-06-15 11:26:34', null);
INSERT INTO realtimeapp.users (id, role_id, name, email, avatar, email_verified_at, password, remember_token, settings, created_at, updated_at, deleted_at) VALUES (4, 2, 'test 3 Edge Cromiun', 'test3@test.com', 'users/default.png', null, '$2y$10$wi3ntEfej7UyanRor2wq9ONLjlVq4KF2qty7WdBbBp.CdW6rp8b0y', null, null, '2020-06-15 11:27:09', '2020-06-15 11:27:09', null);
-- veiculos details
INSERT INTO realtimeapp.vehicle_details (id, vehiculo_id, combustible, traccion, torque, potencia, cilindrada, velocidades, trasmision, puertas, freno_delantero, freno_trasero, tipo_freno, am_fm, cd, sd, aux, usb, bluetooth, neumaticos, tapizado, airbag, alarma, aros, neblineros, lunas, gps, sensores, created_at, updated_at, deleted_at) VALUES (1, 1, null, null, null, null, null, null, null, null, null, null, null, null, null, null, null, null, null, null, null, null, null, null, null, null, null, null, '2020-06-23 07:39:03', '2020-06-23 07:39:03', null);
-- vehiculos
INSERT INTO realtimeapp.vehicles (id, user_id, producto_id, marca_id, modelo_id, year, nombre, placa, color, version, timon, asientos, estado_vehiculo, ficha_tecnica, informacion, direccion, video, video_url, valor_interno_activo, saneado, captura, seguro, soat, rtv, terminos, created_at, updated_at, deleted_at) VALUES (1, 2, 1, 1, 1, 2017, 'papelera', 'h4j-558', 'rojo', '1.5', null, null, null, null, null, null, null, null, null, null, null, null, null, null, null, '2020-06-23 07:38:39', '2020-06-23 07:38:39', null);
-- almacenes
INSERT INTO realtimeapp.warehouses (id, company_id, direccion_id, turnos_visita, telefono, informacion, max_personas, created_at, updated_at, deleted_at) VALUES (1, 1, 1, 'yuhgvyvuyjvh', '960717587', '<h2>hboliuuhiu&nbsp; jhgiulygbliubg</h2>', '20', '2020-06-23 06:51:47', '2020-06-23 06:51:47', null);
SET FOREIGN_KEY_CHECKS =1;
