SET FOREIGN_KEY_CHECKS =0;
-- Data Rows
INSERT INTO realtimeapp.data_rows (id, data_type_id, field, type, display_name, required, browse, `read`, edit, `add`, `delete`, details, `order`) VALUES (1, 1, 'id', 'number', 'ID', 1, 0, 0, 0, 0, 0, null, 1);
INSERT INTO realtimeapp.data_rows (id, data_type_id, field, type, display_name, required, browse, `read`, edit, `add`, `delete`, details, `order`) VALUES (2, 1, 'name', 'text', 'Name', 1, 1, 1, 1, 1, 1, null, 2);
INSERT INTO realtimeapp.data_rows (id, data_type_id, field, type, display_name, required, browse, `read`, edit, `add`, `delete`, details, `order`) VALUES (3, 1, 'email', 'text', 'Email', 1, 1, 1, 1, 1, 1, null, 3);
INSERT INTO realtimeapp.data_rows (id, data_type_id, field, type, display_name, required, browse, `read`, edit, `add`, `delete`, details, `order`) VALUES (4, 1, 'password', 'password', 'Password', 1, 0, 0, 1, 1, 0, null, 4);
INSERT INTO realtimeapp.data_rows (id, data_type_id, field, type, display_name, required, browse, `read`, edit, `add`, `delete`, details, `order`) VALUES (5, 1, 'remember_token', 'text', 'Remember Token', 0, 0, 0, 0, 0, 0, null, 5);
INSERT INTO realtimeapp.data_rows (id, data_type_id, field, type, display_name, required, browse, `read`, edit, `add`, `delete`, details, `order`) VALUES (6, 1, 'created_at', 'timestamp', 'Created At', 0, 1, 1, 0, 0, 0, null, 6);
INSERT INTO realtimeapp.data_rows (id, data_type_id, field, type, display_name, required, browse, `read`, edit, `add`, `delete`, details, `order`) VALUES (7, 1, 'updated_at', 'timestamp', 'Updated At', 0, 0, 0, 0, 0, 0, null, 7);
INSERT INTO realtimeapp.data_rows (id, data_type_id, field, type, display_name, required, browse, `read`, edit, `add`, `delete`, details, `order`) VALUES (8, 1, 'avatar', 'image', 'Avatar', 0, 1, 1, 1, 1, 1, null, 8);
INSERT INTO realtimeapp.data_rows (id, data_type_id, field, type, display_name, required, browse, `read`, edit, `add`, `delete`, details, `order`) VALUES (9, 1, 'user_belongsto_role_relationship', 'relationship', 'Role', 0, 1, 1, 1, 1, 0, '{"model":"TCG\\\\Voyager\\\\Models\\\\Role","table":"roles","type":"belongsTo","column":"role_id","key":"id","label":"display_name","pivot_table":"roles","pivot":0}', 10);
INSERT INTO realtimeapp.data_rows (id, data_type_id, field, type, display_name, required, browse, `read`, edit, `add`, `delete`, details, `order`) VALUES (10, 1, 'user_belongstomany_role_relationship', 'relationship', 'Roles', 0, 1, 1, 1, 1, 0, '{"model":"TCG\\\\Voyager\\\\Models\\\\Role","table":"roles","type":"belongsToMany","column":"id","key":"id","label":"display_name","pivot_table":"user_roles","pivot":"1","taggable":"0"}', 11);
INSERT INTO realtimeapp.data_rows (id, data_type_id, field, type, display_name, required, browse, `read`, edit, `add`, `delete`, details, `order`) VALUES (11, 1, 'settings', 'hidden', 'Settings', 0, 0, 0, 0, 0, 0, null, 12);
INSERT INTO realtimeapp.data_rows (id, data_type_id, field, type, display_name, required, browse, `read`, edit, `add`, `delete`, details, `order`) VALUES (12, 2, 'id', 'number', 'ID', 1, 0, 0, 0, 0, 0, null, 1);
INSERT INTO realtimeapp.data_rows (id, data_type_id, field, type, display_name, required, browse, `read`, edit, `add`, `delete`, details, `order`) VALUES (13, 2, 'name', 'text', 'Name', 1, 1, 1, 1, 1, 1, null, 2);
INSERT INTO realtimeapp.data_rows (id, data_type_id, field, type, display_name, required, browse, `read`, edit, `add`, `delete`, details, `order`) VALUES (14, 2, 'created_at', 'timestamp', 'Created At', 0, 0, 0, 0, 0, 0, null, 3);
INSERT INTO realtimeapp.data_rows (id, data_type_id, field, type, display_name, required, browse, `read`, edit, `add`, `delete`, details, `order`) VALUES (15, 2, 'updated_at', 'timestamp', 'Updated At', 0, 0, 0, 0, 0, 0, null, 4);
INSERT INTO realtimeapp.data_rows (id, data_type_id, field, type, display_name, required, browse, `read`, edit, `add`, `delete`, details, `order`) VALUES (16, 3, 'id', 'number', 'ID', 1, 0, 0, 0, 0, 0, null, 1);
INSERT INTO realtimeapp.data_rows (id, data_type_id, field, type, display_name, required, browse, `read`, edit, `add`, `delete`, details, `order`) VALUES (17, 3, 'name', 'text', 'Name', 1, 1, 1, 1, 1, 1, null, 2);
INSERT INTO realtimeapp.data_rows (id, data_type_id, field, type, display_name, required, browse, `read`, edit, `add`, `delete`, details, `order`) VALUES (18, 3, 'created_at', 'timestamp', 'Created At', 0, 0, 0, 0, 0, 0, null, 3);
INSERT INTO realtimeapp.data_rows (id, data_type_id, field, type, display_name, required, browse, `read`, edit, `add`, `delete`, details, `order`) VALUES (19, 3, 'updated_at', 'timestamp', 'Updated At', 0, 0, 0, 0, 0, 0, null, 4);
INSERT INTO realtimeapp.data_rows (id, data_type_id, field, type, display_name, required, browse, `read`, edit, `add`, `delete`, details, `order`) VALUES (20, 3, 'display_name', 'text', 'Display Name', 1, 1, 1, 1, 1, 1, null, 5);
INSERT INTO realtimeapp.data_rows (id, data_type_id, field, type, display_name, required, browse, `read`, edit, `add`, `delete`, details, `order`) VALUES (21, 1, 'role_id', 'text', 'Role', 1, 1, 1, 1, 1, 1, null, 9);
INSERT INTO realtimeapp.data_rows (id, data_type_id, field, type, display_name, required, browse, `read`, edit, `add`, `delete`, details, `order`) VALUES (22, 4, 'id', 'text', 'Id', 1, 0, 0, 0, 0, 0, '{}', 1);
INSERT INTO realtimeapp.data_rows (id, data_type_id, field, type, display_name, required, browse, `read`, edit, `add`, `delete`, details, `order`) VALUES (23, 4, 'user_id', 'text', 'User Id', 1, 1, 1, 1, 1, 1, '{}', 2);
INSERT INTO realtimeapp.data_rows (id, data_type_id, field, type, display_name, required, browse, `read`, edit, `add`, `delete`, details, `order`) VALUES (24, 4, 'monto', 'text', 'Monto', 0, 1, 1, 1, 1, 1, '{}', 4);
INSERT INTO realtimeapp.data_rows (id, data_type_id, field, type, display_name, required, browse, `read`, edit, `add`, `delete`, details, `order`) VALUES (25, 4, 'tipo', 'text', 'Tipo', 0, 1, 1, 1, 1, 1, '{}', 5);
INSERT INTO realtimeapp.data_rows (id, data_type_id, field, type, display_name, required, browse, `read`, edit, `add`, `delete`, details, `order`) VALUES (26, 4, 'descripcion', 'text', 'Descripcion', 0, 1, 1, 1, 1, 1, '{}', 6);
INSERT INTO realtimeapp.data_rows (id, data_type_id, field, type, display_name, required, browse, `read`, edit, `add`, `delete`, details, `order`) VALUES (27, 4, 'abono_at', 'timestamp', 'Abono At', 0, 1, 1, 1, 1, 1, '{}', 11);
INSERT INTO realtimeapp.data_rows (id, data_type_id, field, type, display_name, required, browse, `read`, edit, `add`, `delete`, details, `order`) VALUES (28, 4, 'boucher', 'text', 'Boucher', 0, 1, 1, 1, 1, 1, '{}', 7);
INSERT INTO realtimeapp.data_rows (id, data_type_id, field, type, display_name, required, browse, `read`, edit, `add`, `delete`, details, `order`) VALUES (29, 4, 'motivo', 'text', 'Motivo', 0, 1, 1, 1, 1, 1, '{}', 8);
INSERT INTO realtimeapp.data_rows (id, data_type_id, field, type, display_name, required, browse, `read`, edit, `add`, `delete`, details, `order`) VALUES (30, 4, 'banco_id', 'text', 'Banco Id', 1, 1, 1, 1, 1, 1, '{}', 3);
INSERT INTO realtimeapp.data_rows (id, data_type_id, field, type, display_name, required, browse, `read`, edit, `add`, `delete`, details, `order`) VALUES (31, 4, 'cuenta', 'text', 'Cuenta', 0, 1, 1, 1, 1, 1, '{}', 9);
INSERT INTO realtimeapp.data_rows (id, data_type_id, field, type, display_name, required, browse, `read`, edit, `add`, `delete`, details, `order`) VALUES (32, 4, 'transaccion_banco', 'text', 'Transaccion Banco', 0, 1, 1, 1, 1, 1, '{}', 10);
INSERT INTO realtimeapp.data_rows (id, data_type_id, field, type, display_name, required, browse, `read`, edit, `add`, `delete`, details, `order`) VALUES (33, 4, 'created_at', 'timestamp', 'Created At', 0, 1, 1, 1, 0, 1, '{}', 12);
INSERT INTO realtimeapp.data_rows (id, data_type_id, field, type, display_name, required, browse, `read`, edit, `add`, `delete`, details, `order`) VALUES (34, 4, 'updated_at', 'timestamp', 'Updated At', 0, 0, 0, 0, 0, 0, '{}', 13);
INSERT INTO realtimeapp.data_rows (id, data_type_id, field, type, display_name, required, browse, `read`, edit, `add`, `delete`, details, `order`) VALUES (35, 4, 'deleted_at', 'timestamp', 'Deleted At', 0, 1, 1, 1, 1, 1, '{}', 14);
INSERT INTO realtimeapp.data_rows (id, data_type_id, field, type, display_name, required, browse, `read`, edit, `add`, `delete`, details, `order`) VALUES (36, 5, 'id', 'text', 'Id', 1, 0, 0, 0, 0, 0, '{}', 1);
INSERT INTO realtimeapp.data_rows (id, data_type_id, field, type, display_name, required, browse, `read`, edit, `add`, `delete`, details, `order`) VALUES (37, 5, 'nombre', 'text', 'Nombre', 0, 1, 1, 1, 1, 1, '{}', 2);
INSERT INTO realtimeapp.data_rows (id, data_type_id, field, type, display_name, required, browse, `read`, edit, `add`, `delete`, details, `order`) VALUES (38, 5, 'codigo', 'text', 'Codigo', 0, 1, 1, 1, 1, 1, '{}', 3);
INSERT INTO realtimeapp.data_rows (id, data_type_id, field, type, display_name, required, browse, `read`, edit, `add`, `delete`, details, `order`) VALUES (39, 5, 'created_at', 'timestamp', 'Created At', 0, 1, 1, 1, 0, 1, '{}', 4);
INSERT INTO realtimeapp.data_rows (id, data_type_id, field, type, display_name, required, browse, `read`, edit, `add`, `delete`, details, `order`) VALUES (40, 5, 'updated_at', 'timestamp', 'Updated At', 0, 0, 0, 0, 0, 0, '{}', 5);
INSERT INTO realtimeapp.data_rows (id, data_type_id, field, type, display_name, required, browse, `read`, edit, `add`, `delete`, details, `order`) VALUES (41, 5, 'deleted_at', 'timestamp', 'Deleted At', 0, 1, 1, 1, 1, 1, '{}', 6);
-- DataTypes
INSERT INTO realtimeapp.data_types (id, name, slug, display_name_singular, display_name_plural, icon, model_name, policy_name, controller, description, generate_permissions, server_side, details, created_at, updated_at) VALUES (1, 'users', 'users', 'User', 'Users', 'voyager-person', 'TCG\\Voyager\\Models\\User', 'TCG\\Voyager\\Policies\\UserPolicy', 'TCG\\Voyager\\Http\\Controllers\\VoyagerUserController', '', 1, 0, null, '2020-06-20 00:20:58', '2020-06-20 00:20:58');
INSERT INTO realtimeapp.data_types (id, name, slug, display_name_singular, display_name_plural, icon, model_name, policy_name, controller, description, generate_permissions, server_side, details, created_at, updated_at) VALUES (2, 'menus', 'menus', 'Menu', 'Menus', 'voyager-list', 'TCG\\Voyager\\Models\\Menu', null, '', '', 1, 0, null, '2020-06-20 00:20:58', '2020-06-20 00:20:58');
INSERT INTO realtimeapp.data_types (id, name, slug, display_name_singular, display_name_plural, icon, model_name, policy_name, controller, description, generate_permissions, server_side, details, created_at, updated_at) VALUES (3, 'roles', 'roles', 'Role', 'Roles', 'voyager-lock', 'TCG\\Voyager\\Models\\Role', null, 'TCG\\Voyager\\Http\\Controllers\\VoyagerRoleController', '', 1, 0, null, '2020-06-20 00:20:58', '2020-06-20 00:20:58');
INSERT INTO realtimeapp.data_types (id, name, slug, display_name_singular, display_name_plural, icon, model_name, policy_name, controller, description, generate_permissions, server_side, details, created_at, updated_at) VALUES (4, 'balances', 'balances', 'Balance', 'Balances', 'voyager-bar-chart', 'App\\Balance', null, null, null, 1, 0, '{"order_column":null,"order_display_column":null,"order_direction":"asc","default_search_key":null}', '2020-06-20 01:22:44', '2020-06-20 01:22:44');
INSERT INTO realtimeapp.data_types (id, name, slug, display_name_singular, display_name_plural, icon, model_name, policy_name, controller, description, generate_permissions, server_side, details, created_at, updated_at) VALUES (5, 'countries', 'countries', 'Country', 'Countries', 'voyager-home', 'App\\Country', null, null, null, 1, 0, '{"order_column":null,"order_display_column":null,"order_direction":"asc","default_search_key":null}', '2020-06-20 01:27:53', '2020-06-20 01:27:53');
-- menu Items
INSERT INTO realtimeapp.menu_items (id, menu_id, title, url, target, icon_class, color, parent_id, `order`, created_at, updated_at, route, parameters) VALUES (1, 1, 'Dashboard', '', '_self', 'voyager-boat', null, null, 1, '2020-06-20 00:21:01', '2020-06-20 00:21:01', 'voyager.dashboard', null);
INSERT INTO realtimeapp.menu_items (id, menu_id, title, url, target, icon_class, color, parent_id, `order`, created_at, updated_at, route, parameters) VALUES (2, 1, 'Media', '', '_self', 'voyager-images', null, null, 5, '2020-06-20 00:21:01', '2020-06-20 00:21:01', 'voyager.media.index', null);
INSERT INTO realtimeapp.menu_items (id, menu_id, title, url, target, icon_class, color, parent_id, `order`, created_at, updated_at, route, parameters) VALUES (3, 1, 'Users', '', '_self', 'voyager-person', null, null, 3, '2020-06-20 00:21:02', '2020-06-20 00:21:02', 'voyager.users.index', null);
INSERT INTO realtimeapp.menu_items (id, menu_id, title, url, target, icon_class, color, parent_id, `order`, created_at, updated_at, route, parameters) VALUES (4, 1, 'Roles', '', '_self', 'voyager-lock', null, null, 2, '2020-06-20 00:21:02', '2020-06-20 00:21:02', 'voyager.roles.index', null);
INSERT INTO realtimeapp.menu_items (id, menu_id, title, url, target, icon_class, color, parent_id, `order`, created_at, updated_at, route, parameters) VALUES (5, 1, 'Tools', '', '_self', 'voyager-tools', null, null, 9, '2020-06-20 00:21:02', '2020-06-20 00:21:02', null, null);
INSERT INTO realtimeapp.menu_items (id, menu_id, title, url, target, icon_class, color, parent_id, `order`, created_at, updated_at, route, parameters) VALUES (6, 1, 'Menu Builder', '', '_self', 'voyager-list', null, 5, 10, '2020-06-20 00:21:03', '2020-06-20 00:21:03', 'voyager.menus.index', null);
INSERT INTO realtimeapp.menu_items (id, menu_id, title, url, target, icon_class, color, parent_id, `order`, created_at, updated_at, route, parameters) VALUES (7, 1, 'Database', '', '_self', 'voyager-data', null, 5, 11, '2020-06-20 00:21:03', '2020-06-20 00:21:03', 'voyager.database.index', null);
INSERT INTO realtimeapp.menu_items (id, menu_id, title, url, target, icon_class, color, parent_id, `order`, created_at, updated_at, route, parameters) VALUES (8, 1, 'Compass', '', '_self', 'voyager-compass', null, 5, 12, '2020-06-20 00:21:03', '2020-06-20 00:21:03', 'voyager.compass.index', null);
INSERT INTO realtimeapp.menu_items (id, menu_id, title, url, target, icon_class, color, parent_id, `order`, created_at, updated_at, route, parameters) VALUES (9, 1, 'BREAD', '', '_self', 'voyager-bread', null, 5, 13, '2020-06-20 00:21:03', '2020-06-20 00:21:03', 'voyager.bread.index', null);
INSERT INTO realtimeapp.menu_items (id, menu_id, title, url, target, icon_class, color, parent_id, `order`, created_at, updated_at, route, parameters) VALUES (10, 1, 'Settings', '', '_self', 'voyager-settings', null, null, 14, '2020-06-20 00:21:03', '2020-06-20 00:21:03', 'voyager.settings.index', null);
INSERT INTO realtimeapp.menu_items (id, menu_id, title, url, target, icon_class, color, parent_id, `order`, created_at, updated_at, route, parameters) VALUES (11, 1, 'Hooks', '', '_self', 'voyager-hook', null, 5, 13, '2020-06-20 00:21:12', '2020-06-20 00:21:12', 'voyager.hooks', null);
INSERT INTO realtimeapp.menu_items (id, menu_id, title, url, target, icon_class, color, parent_id, `order`, created_at, updated_at, route, parameters) VALUES (12, 1, 'Balances', '', '_self', 'voyager-bar-chart', null, null, 15, '2020-06-20 01:22:46', '2020-06-20 01:22:46', 'voyager.balances.index', null);
INSERT INTO realtimeapp.menu_items (id, menu_id, title, url, target, icon_class, color, parent_id, `order`, created_at, updated_at, route, parameters) VALUES (13, 1, 'Countries', '', '_self', 'voyager-home', null, null, 16, '2020-06-20 01:27:54', '2020-06-20 01:27:54', 'voyager.countries.index', null);
-- menu
INSERT INTO realtimeapp.menus (id, name, created_at, updated_at) VALUES (1, 'admin', '2020-06-20 00:21:00', '2020-06-20 00:21:00');
-- message
INSERT INTO realtimeapp.messages (id, user_id, message, created_at, updated_at, subasta_id, deleted_at) VALUES (1, 1, 'Hola mundo', '2020-06-19 03:46:04', null, 0, null);
INSERT INTO realtimeapp.messages (id, user_id, message, created_at, updated_at, subasta_id, deleted_at) VALUES (2, 2, 'Adios Mundo', '2020-06-19 03:46:20', null, 0, null);
--  premission_role
INSERT INTO realtimeapp.permission_role (permission_id, role_id) VALUES (1, 1);
INSERT INTO realtimeapp.permission_role (permission_id, role_id) VALUES (2, 1);
INSERT INTO realtimeapp.permission_role (permission_id, role_id) VALUES (3, 1);
INSERT INTO realtimeapp.permission_role (permission_id, role_id) VALUES (4, 1);
INSERT INTO realtimeapp.permission_role (permission_id, role_id) VALUES (5, 1);
INSERT INTO realtimeapp.permission_role (permission_id, role_id) VALUES (6, 1);
INSERT INTO realtimeapp.permission_role (permission_id, role_id) VALUES (7, 1);
INSERT INTO realtimeapp.permission_role (permission_id, role_id) VALUES (8, 1);
INSERT INTO realtimeapp.permission_role (permission_id, role_id) VALUES (9, 1);
INSERT INTO realtimeapp.permission_role (permission_id, role_id) VALUES (10, 1);
INSERT INTO realtimeapp.permission_role (permission_id, role_id) VALUES (11, 1);
INSERT INTO realtimeapp.permission_role (permission_id, role_id) VALUES (12, 1);
INSERT INTO realtimeapp.permission_role (permission_id, role_id) VALUES (13, 1);
INSERT INTO realtimeapp.permission_role (permission_id, role_id) VALUES (14, 1);
INSERT INTO realtimeapp.permission_role (permission_id, role_id) VALUES (15, 1);
INSERT INTO realtimeapp.permission_role (permission_id, role_id) VALUES (16, 1);
INSERT INTO realtimeapp.permission_role (permission_id, role_id) VALUES (17, 1);
INSERT INTO realtimeapp.permission_role (permission_id, role_id) VALUES (18, 1);
INSERT INTO realtimeapp.permission_role (permission_id, role_id) VALUES (19, 1);
INSERT INTO realtimeapp.permission_role (permission_id, role_id) VALUES (20, 1);
INSERT INTO realtimeapp.permission_role (permission_id, role_id) VALUES (21, 1);
INSERT INTO realtimeapp.permission_role (permission_id, role_id) VALUES (22, 1);
INSERT INTO realtimeapp.permission_role (permission_id, role_id) VALUES (23, 1);
INSERT INTO realtimeapp.permission_role (permission_id, role_id) VALUES (24, 1);
INSERT INTO realtimeapp.permission_role (permission_id, role_id) VALUES (25, 1);
INSERT INTO realtimeapp.permission_role (permission_id, role_id) VALUES (27, 1);
INSERT INTO realtimeapp.permission_role (permission_id, role_id) VALUES (28, 1);
INSERT INTO realtimeapp.permission_role (permission_id, role_id) VALUES (29, 1);
INSERT INTO realtimeapp.permission_role (permission_id, role_id) VALUES (30, 1);
INSERT INTO realtimeapp.permission_role (permission_id, role_id) VALUES (31, 1);
INSERT INTO realtimeapp.permission_role (permission_id, role_id) VALUES (32, 1);
INSERT INTO realtimeapp.permission_role (permission_id, role_id) VALUES (33, 1);
INSERT INTO realtimeapp.permission_role (permission_id, role_id) VALUES (34, 1);
INSERT INTO realtimeapp.permission_role (permission_id, role_id) VALUES (35, 1);
INSERT INTO realtimeapp.permission_role (permission_id, role_id) VALUES (36, 1);
-- permision
INSERT INTO realtimeapp.permissions (id, `key`, table_name, created_at, updated_at) VALUES (1, 'browse_admin', null, '2020-06-20 00:21:04', '2020-06-20 00:21:04');
INSERT INTO realtimeapp.permissions (id, `key`, table_name, created_at, updated_at) VALUES (2, 'browse_bread', null, '2020-06-20 00:21:04', '2020-06-20 00:21:04');
INSERT INTO realtimeapp.permissions (id, `key`, table_name, created_at, updated_at) VALUES (3, 'browse_database', null, '2020-06-20 00:21:04', '2020-06-20 00:21:04');
INSERT INTO realtimeapp.permissions (id, `key`, table_name, created_at, updated_at) VALUES (4, 'browse_media', null, '2020-06-20 00:21:04', '2020-06-20 00:21:04');
INSERT INTO realtimeapp.permissions (id, `key`, table_name, created_at, updated_at) VALUES (5, 'browse_compass', null, '2020-06-20 00:21:04', '2020-06-20 00:21:04');
INSERT INTO realtimeapp.permissions (id, `key`, table_name, created_at, updated_at) VALUES (6, 'browse_menus', 'menus', '2020-06-20 00:21:05', '2020-06-20 00:21:05');
INSERT INTO realtimeapp.permissions (id, `key`, table_name, created_at, updated_at) VALUES (7, 'read_menus', 'menus', '2020-06-20 00:21:05', '2020-06-20 00:21:05');
INSERT INTO realtimeapp.permissions (id, `key`, table_name, created_at, updated_at) VALUES (8, 'edit_menus', 'menus', '2020-06-20 00:21:05', '2020-06-20 00:21:05');
INSERT INTO realtimeapp.permissions (id, `key`, table_name, created_at, updated_at) VALUES (9, 'add_menus', 'menus', '2020-06-20 00:21:05', '2020-06-20 00:21:05');
INSERT INTO realtimeapp.permissions (id, `key`, table_name, created_at, updated_at) VALUES (10, 'delete_menus', 'menus', '2020-06-20 00:21:05', '2020-06-20 00:21:05');
INSERT INTO realtimeapp.permissions (id, `key`, table_name, created_at, updated_at) VALUES (11, 'browse_roles', 'roles', '2020-06-20 00:21:05', '2020-06-20 00:21:05');
INSERT INTO realtimeapp.permissions (id, `key`, table_name, created_at, updated_at) VALUES (12, 'read_roles', 'roles', '2020-06-20 00:21:05', '2020-06-20 00:21:05');
INSERT INTO realtimeapp.permissions (id, `key`, table_name, created_at, updated_at) VALUES (13, 'edit_roles', 'roles', '2020-06-20 00:21:05', '2020-06-20 00:21:05');
INSERT INTO realtimeapp.permissions (id, `key`, table_name, created_at, updated_at) VALUES (14, 'add_roles', 'roles', '2020-06-20 00:21:06', '2020-06-20 00:21:06');
INSERT INTO realtimeapp.permissions (id, `key`, table_name, created_at, updated_at) VALUES (15, 'delete_roles', 'roles', '2020-06-20 00:21:06', '2020-06-20 00:21:06');
INSERT INTO realtimeapp.permissions (id, `key`, table_name, created_at, updated_at) VALUES (16, 'browse_users', 'users', '2020-06-20 00:21:06', '2020-06-20 00:21:06');
INSERT INTO realtimeapp.permissions (id, `key`, table_name, created_at, updated_at) VALUES (17, 'read_users', 'users', '2020-06-20 00:21:06', '2020-06-20 00:21:06');
INSERT INTO realtimeapp.permissions (id, `key`, table_name, created_at, updated_at) VALUES (18, 'edit_users', 'users', '2020-06-20 00:21:06', '2020-06-20 00:21:06');
INSERT INTO realtimeapp.permissions (id, `key`, table_name, created_at, updated_at) VALUES (19, 'add_users', 'users', '2020-06-20 00:21:06', '2020-06-20 00:21:06');
INSERT INTO realtimeapp.permissions (id, `key`, table_name, created_at, updated_at) VALUES (20, 'delete_users', 'users', '2020-06-20 00:21:06', '2020-06-20 00:21:06');
INSERT INTO realtimeapp.permissions (id, `key`, table_name, created_at, updated_at) VALUES (21, 'browse_settings', 'settings', '2020-06-20 00:21:06', '2020-06-20 00:21:06');
INSERT INTO realtimeapp.permissions (id, `key`, table_name, created_at, updated_at) VALUES (22, 'read_settings', 'settings', '2020-06-20 00:21:07', '2020-06-20 00:21:07');
INSERT INTO realtimeapp.permissions (id, `key`, table_name, created_at, updated_at) VALUES (23, 'edit_settings', 'settings', '2020-06-20 00:21:07', '2020-06-20 00:21:07');
INSERT INTO realtimeapp.permissions (id, `key`, table_name, created_at, updated_at) VALUES (24, 'add_settings', 'settings', '2020-06-20 00:21:07', '2020-06-20 00:21:07');
INSERT INTO realtimeapp.permissions (id, `key`, table_name, created_at, updated_at) VALUES (25, 'delete_settings', 'settings', '2020-06-20 00:21:07', '2020-06-20 00:21:07');
INSERT INTO realtimeapp.permissions (id, `key`, table_name, created_at, updated_at) VALUES (26, 'browse_hooks', null, '2020-06-20 00:21:12', '2020-06-20 00:21:12');
INSERT INTO realtimeapp.permissions (id, `key`, table_name, created_at, updated_at) VALUES (27, 'browse_balances', 'balances', '2020-06-20 01:22:45', '2020-06-20 01:22:45');
INSERT INTO realtimeapp.permissions (id, `key`, table_name, created_at, updated_at) VALUES (28, 'read_balances', 'balances', '2020-06-20 01:22:45', '2020-06-20 01:22:45');
INSERT INTO realtimeapp.permissions (id, `key`, table_name, created_at, updated_at) VALUES (29, 'edit_balances', 'balances', '2020-06-20 01:22:45', '2020-06-20 01:22:45');
INSERT INTO realtimeapp.permissions (id, `key`, table_name, created_at, updated_at) VALUES (30, 'add_balances', 'balances', '2020-06-20 01:22:45', '2020-06-20 01:22:45');
INSERT INTO realtimeapp.permissions (id, `key`, table_name, created_at, updated_at) VALUES (31, 'delete_balances', 'balances', '2020-06-20 01:22:45', '2020-06-20 01:22:45');
INSERT INTO realtimeapp.permissions (id, `key`, table_name, created_at, updated_at) VALUES (32, 'browse_countries', 'countries', '2020-06-20 01:27:53', '2020-06-20 01:27:53');
INSERT INTO realtimeapp.permissions (id, `key`, table_name, created_at, updated_at) VALUES (33, 'read_countries', 'countries', '2020-06-20 01:27:53', '2020-06-20 01:27:53');
INSERT INTO realtimeapp.permissions (id, `key`, table_name, created_at, updated_at) VALUES (34, 'edit_countries', 'countries', '2020-06-20 01:27:53', '2020-06-20 01:27:53');
INSERT INTO realtimeapp.permissions (id, `key`, table_name, created_at, updated_at) VALUES (35, 'add_countries', 'countries', '2020-06-20 01:27:53', '2020-06-20 01:27:53');
INSERT INTO realtimeapp.permissions (id, `key`, table_name, created_at, updated_at) VALUES (36, 'delete_countries', 'countries', '2020-06-20 01:27:53', '2020-06-20 01:27:53');
-- productos (Proceder a borrar una vez adapte el sistema)
INSERT INTO realtimeapp.productos (id, user_id, producto, precio, created_at, updated_at) VALUES (1, 1, 'Producto a subasta de la BD', '1300', '2020-06-15 06:28:23', '2020-06-19 14:22:09');
INSERT INTO realtimeapp.productos (id, user_id, producto, precio, created_at, updated_at) VALUES (2, null, 'Producto 2 de la BD', '1100', '2020-06-18 06:18:23', null);
INSERT INTO realtimeapp.productos (id, user_id, producto, precio, created_at, updated_at) VALUES (3, null, 'Producto 3 de la BD', '900', '2020-06-18 06:18:42', null);
INSERT INTO realtimeapp.productos (id, user_id, producto, precio, created_at, updated_at) VALUES (4, null, 'Producto 4 de la BD', '1250', '2020-06-18 06:18:59', null);
INSERT INTO realtimeapp.productos (id, user_id, producto, precio, created_at, updated_at) VALUES (5, null, 'Producto 5', '3000', '2020-06-18 06:19:13', null);
INSERT INTO realtimeapp.productos (id, user_id, producto, precio, created_at, updated_at) VALUES (6, null, 'Producto 6', '3500', '2020-06-18 06:19:25', null);
-- roles
INSERT INTO realtimeapp.roles (id, name, display_name, created_at, updated_at) VALUES (1, 'admin', 'Administrator', '2020-06-20 00:21:04', '2020-06-20 00:21:04');
INSERT INTO realtimeapp.roles (id, name, display_name, created_at, updated_at) VALUES (2, 'user', 'Normal User', '2020-06-20 00:21:04', '2020-06-20 00:21:04');
-- settings
INSERT INTO realtimeapp.settings (id, `key`, display_name, value, details, type, `order`, `group`) VALUES (1, 'site.title', 'Site Title', 'Site Title', '', 'text', 1, 'Site');
INSERT INTO realtimeapp.settings (id, `key`, display_name, value, details, type, `order`, `group`) VALUES (2, 'site.description', 'Site Description', 'Site Description', '', 'text', 2, 'Site');
INSERT INTO realtimeapp.settings (id, `key`, display_name, value, details, type, `order`, `group`) VALUES (3, 'site.logo', 'Site Logo', '', '', 'image', 3, 'Site');
INSERT INTO realtimeapp.settings (id, `key`, display_name, value, details, type, `order`, `group`) VALUES (4, 'site.google_analytics_tracking_id', 'Google Analytics Tracking ID', '', '', 'text', 4, 'Site');
INSERT INTO realtimeapp.settings (id, `key`, display_name, value, details, type, `order`, `group`) VALUES (5, 'admin.bg_image', 'Admin Background Image', '', '', 'image', 5, 'Admin');
INSERT INTO realtimeapp.settings (id, `key`, display_name, value, details, type, `order`, `group`) VALUES (6, 'admin.title', 'Admin Title', 'Voyager', '', 'text', 1, 'Admin');
INSERT INTO realtimeapp.settings (id, `key`, display_name, value, details, type, `order`, `group`) VALUES (7, 'admin.description', 'Admin Description', 'Welcome to Voyager. The Missing Admin for Laravel', '', 'text', 2, 'Admin');
INSERT INTO realtimeapp.settings (id, `key`, display_name, value, details, type, `order`, `group`) VALUES (8, 'admin.loader', 'Admin Loader', '', '', 'image', 3, 'Admin');
INSERT INTO realtimeapp.settings (id, `key`, display_name, value, details, type, `order`, `group`) VALUES (9, 'admin.icon_image', 'Admin Icon Image', '', '', 'image', 4, 'Admin');
INSERT INTO realtimeapp.settings (id, `key`, display_name, value, details, type, `order`, `group`) VALUES (10, 'admin.google_analytics_client_id', 'Google Analytics Client ID (used for admin dashboard)', '', '', 'text', 1, 'Admin');
-- users
INSERT INTO realtimeapp.users (id, role_id, name, email, avatar, email_verified_at, password, remember_token, settings, created_at, updated_at) VALUES (1, 1, 'Pedro', 'asesor.pedro@gmail.com', 'users/default.png', null, '$2y$10$kgO15jUBkzYxXBAq36ETFOfyacBKOqsbVQUOAwEa1thGO6yQInh4W', 'xsIhBV6x2wYmbXpNQoknF8CF8wVdUiIV6bERGZpUERdMM5bgPukmtxI3fHWR', '{"locale":"es"}', '2020-06-15 11:25:06', '2020-06-20 00:28:22');
INSERT INTO realtimeapp.users (id, role_id, name, email, avatar, email_verified_at, password, remember_token, settings, created_at, updated_at) VALUES (2, 2, 'test 1 cromme', 'test1@test.com', 'users/default.png', null, '$2y$10$VwRiNnHmSw3f0ymiTvYDruJnP/B5JsovfdWb.B5B3aJkC.So6ahw2', null, null, '2020-06-15 11:25:58', '2020-06-15 11:25:58');
INSERT INTO realtimeapp.users (id, role_id, name, email, avatar, email_verified_at, password, remember_token, settings, created_at, updated_at) VALUES (3, 2, 'test 2 Firefox', 'test@test.com', 'users/default.png', null, '$2y$10$vRkIxtirxVW8tgzHRA0RleFQPbgyBywhACAjW7vFQTYR2pZ80BtCy', null, null, '2020-06-15 11:26:34', '2020-06-15 11:26:34');
INSERT INTO realtimeapp.users (id, role_id, name, email, avatar, email_verified_at, password, remember_token, settings, created_at, updated_at) VALUES (4, 2, 'test 3 Edge Cromiun', 'test3@test.com', 'users/default.png', null, '$2y$10$wi3ntEfej7UyanRor2wq9ONLjlVq4KF2qty7WdBbBp.CdW6rp8b0y', null, null, '2020-06-15 11:27:09', '2020-06-15 11:27:09');
SET FOREIGN_KEY_CHECKS =1;